{"context":"et_builder_layouts","data":{"30341":{"ID":30341,"post_date":"2017-01-04 23:58:49","post_date_gmt":"2017-01-04 23:58:49","post_content":"[et_pb_section admin_label=\"Photographer Testimonials Slider\" transparent_background=\"off\" background_color=\"#000000\" allow_player_pause=\"off\" inner_shadow=\"off\" parallax=\"off\" parallax_method=\"off\" custom_padding=\"70px|0px|0px|0px\" padding_mobile=\"on\" make_fullwidth=\"off\" use_custom_width=\"off\" width_unit=\"on\" make_equal=\"off\" use_custom_gutter=\"off\" fullwidth=\"off\" specialty=\"off\" disabled_on=\"on|on|on\" disabled=\"on\" collapsed=\"on\" template_type=\"section\"][et_pb_row admin_label=\"Row\" make_fullwidth=\"off\" use_custom_width=\"on\" width_unit=\"on\" custom_width_px=\"540px\" custom_width_percent=\"80%\" use_custom_gutter=\"off\" gutter_width=\"3\" custom_padding=\"0px||0px|\" custom_padding_phone=\"41px|||\" padding_mobile=\"on\" allow_player_pause=\"off\" parallax=\"off\" parallax_method=\"off\" make_equal=\"off\" column_padding_mobile=\"on\" parallax_1=\"off\" parallax_method_1=\"off\" parallax_2=\"off\" parallax_method_2=\"off\" parallax_3=\"off\" parallax_method_3=\"on\" parallax_4=\"off\" parallax_method_4=\"on\" custom_padding_last_edited=\"on|desktop\" disabled=\"off\"][et_pb_column type=\"4_4\"][et_pb_divider admin_label=\"Divider Desktop\" color=\"#d8ccec\" show_divider=\"on\" height=\"19\" divider_style=\"solid\" divider_position=\"center\" divider_weight=\"2\" hide_on_mobile=\"off\" disabled_on=\"on|on|\" custom_css_main_element=\"width:50px;||margin-left: 47%;||margin-right: 47%;||\" disabled=\"off\"]\n\n\n\n[\/et_pb_divider][et_pb_text admin_label=\"Text\" background_layout=\"light\" text_orientation=\"center\" max_width=\"80%\" text_font=\"Ubuntu|||on|\" text_font_size=\"40px\" text_font_size_tablet=\"46\" text_font_size_phone=\"30\" text_font_size_last_edited=\"on|phone\" text_text_color=\"#ffffff\" text_letter_spacing=\"2px\" text_line_height=\"1.1em\" use_border_color=\"off\" border_style=\"solid\" custom_margin=\"24px||0px|\" custom_css_main_element=\"font-weight:300;\" disabled=\"off\"]\n\n<p>testimonials<\/p>\n\n[\/et_pb_text][\/et_pb_column][\/et_pb_row][et_pb_row admin_label=\"Row\" make_fullwidth=\"off\" use_custom_width=\"on\" width_unit=\"on\" custom_width_px=\"730px\" custom_width_percent=\"80%\" use_custom_gutter=\"on\" gutter_width=\"4\" custom_padding=\"0px||0px|\" custom_padding_phone=\"7px||4px|\" padding_mobile=\"on\" allow_player_pause=\"off\" parallax=\"off\" parallax_method=\"off\" make_equal=\"off\" column_padding_mobile=\"on\" parallax_1=\"off\" parallax_method_1=\"off\" parallax_2=\"off\" parallax_method_2=\"off\" parallax_3=\"off\" parallax_method_3=\"off\" parallax_4=\"off\" parallax_method_4=\"on\" custom_padding_last_edited=\"on|phone\" disabled=\"off\"][et_pb_column type=\"4_4\"][et_pb_slider admin_label=\"Slider\" show_arrows=\"on\" show_pagination=\"on\" auto=\"off\" auto_speed=\"7000\" auto_ignore_hover=\"off\" parallax=\"off\" parallax_method=\"off\" remove_inner_shadow=\"on\" background_position=\"default\" background_size=\"default\" top_padding=\"64px\" bottom_padding=\"64px\" hide_content_on_mobile=\"off\" hide_cta_on_mobile=\"off\" show_image_video_mobile=\"off\" top_padding_tablet=\"34px\" top_padding_phone=\"14px\" bottom_padding_tablet=\"54px\" bottom_padding_phone=\"74px\" header_font=\"Roboto Light||||\" header_line_height=\"1.4em\" body_font=\"Ubuntu|||on|\" body_line_height=\"1.4em\" custom_button=\"off\" button_text_size=\"20\" button_letter_spacing=\"0\" button_use_icon=\"default\" button_icon_placement=\"right\" button_on_hover=\"on\" button_letter_spacing_hover=\"0\" disabled=\"off\"]\n\n[et_pb_slide heading=\"Praesent dapibus, neque id cursus faucibus, tortor neque egestas augue, eu vulputate magna eros eu erat. Aliquam erat volutpat. Nam dui mi, tincidunt quis, accumsan porttitor, facilisis luctus, metus.\" button_link=\"#\" background_position=\"default\" background_size=\"default\" background_color=\"rgba(255,255,255,0)\" use_bg_overlay=\"off\" use_text_overlay=\"off\" alignment=\"center\" background_layout=\"dark\" allow_player_pause=\"off\" arrows_custom_color=\"#898989\" dot_nav_custom_color=\"#939393\" text_border_radius=\"0\" header_font=\"Ubuntu||||\" header_font_size=\"20px\" header_font_size_tablet=\"24\" header_font_size_phone=\"24\" header_text_color=\"#ffffff\" header_letter_spacing=\"2px\" header_line_height=\"1.6em\" header_line_height_tablet=\"1.1em\" header_line_height_phone=\"1.1em\" body_font=\"||||\" body_font_size=\"18\" body_font_size_tablet=\"18\" body_font_size_phone=\"18\" body_text_color=\"#673ab7\" body_line_height_tablet=\"1.1em\" body_line_height_phone=\"1.1em\" custom_button=\"off\" button_font=\"||||\" button_use_icon=\"default\" button_icon_placement=\"right\" button_on_hover=\"on\" custom_css_main_element=\"font-weight:400;\" disabled=\"off\" inline_fonts=\"Ubuntu\" header_font_select=\"Ubuntu\" header_letter_spacing_tablet=\"2px\" header_letter_spacing_phone=\"2px\" body_font_select=\"default\" button_font_select=\"default\"]\n\n<div style=\"margin-top: 40px;margin-right: auto;margin-left: auto;width: 220px\">\n<p><img class=\"wp-image-29084 alignnone size-full\" src=\"YOUR IMAGE LINK HERE\" alt=\"Profile Image\" width=\"100\" height=\"100\"><\/p>\n<div><span style=\"color: #ffffff;font-family: Ubuntu;font-weight: normal\"><strong>Tara Y.<\/strong><\/span><br>\n<span style=\"font-size: 16px;color: #ffffff;font-family: Ubuntu;font-weight: normal\">New York, NY<\/span><\/div>\n<\/div>\n\n[\/et_pb_slide]\n\n[\/et_pb_slider][\/et_pb_column][\/et_pb_row][\/et_pb_section]","post_title":"Photographer Testimonials Slider","post_excerpt":"","post_status":"publish","comment_status":"closed","ping_status":"closed","post_password":"","post_name":"photographer-testimonials-slider","to_ping":"","pinged":"","post_modified":"2017-01-04 23:58:49","post_modified_gmt":"2017-01-04 23:58:49","post_content_filtered":"","post_parent":0,"menu_order":0,"post_type":"et_pb_layout","post_mime_type":"","comment_count":"0","filter":"raw","post_meta":{"_et_pb_built_for_post_type":["page"]},"terms":{"11":{"name":"not_global","slug":"not_global","taxonomy":"scope","parent":0,"description":""},"12":{"name":"regular","slug":"regular","taxonomy":"module_width","parent":0,"description":""},"13":{"name":"section","slug":"section","taxonomy":"layout_type","parent":0,"description":""}}}},"images":[]}