{"context":"et_builder_layouts","data":{"30343":{"ID":30343,"post_date":"2017-01-04 23:59:11","post_date_gmt":"2017-01-04 23:59:11","post_content":"[et_pb_section admin_label=\"Photographer Pricing Table\" transparent_background=\"off\" background_color=\"#161616\" allow_player_pause=\"off\" inner_shadow=\"off\" parallax=\"off\" parallax_method=\"off\" custom_padding=\"70px|0px|54px|0px\" padding_mobile=\"off\" make_fullwidth=\"off\" use_custom_width=\"off\" width_unit=\"on\" make_equal=\"off\" use_custom_gutter=\"off\" fullwidth=\"off\" specialty=\"off\" disabled=\"off\" collapsed=\"on\" template_type=\"section\"][et_pb_row admin_label=\"Row\" make_fullwidth=\"off\" use_custom_width=\"on\" width_unit=\"on\" custom_width_px=\"540px\" custom_width_percent=\"80%\" use_custom_gutter=\"off\" gutter_width=\"3\" custom_padding=\"0px||0px|\" custom_padding_phone=\"41px|||\" padding_mobile=\"on\" allow_player_pause=\"off\" parallax=\"off\" parallax_method=\"off\" make_equal=\"off\" column_padding_mobile=\"on\" parallax_1=\"off\" parallax_method_1=\"off\" parallax_2=\"off\" parallax_method_2=\"off\" parallax_3=\"off\" parallax_method_3=\"on\" parallax_4=\"off\" parallax_method_4=\"on\" custom_padding_last_edited=\"on|desktop\" disabled=\"off\"][et_pb_column type=\"4_4\"][et_pb_divider admin_label=\"Divider Desktop\" color=\"#d8ccec\" show_divider=\"on\" height=\"19\" divider_style=\"solid\" divider_position=\"center\" divider_weight=\"2\" hide_on_mobile=\"off\" disabled_on=\"on|on|\" custom_css_main_element=\"width:50px;||margin-left: 47%;||margin-right: 47%;||\" disabled=\"off\"]\n\n\n\n[\/et_pb_divider][et_pb_text admin_label=\"Text\" background_layout=\"light\" text_orientation=\"center\" max_width=\"80%\" text_font=\"Ubuntu|||on|\" text_font_size=\"36px\" text_font_size_tablet=\"46\" text_font_size_phone=\"30\" text_font_size_last_edited=\"on|phone\" text_text_color=\"#ffffff\" text_letter_spacing=\"6px\" text_line_height=\"1.1em\" use_border_color=\"off\" border_style=\"solid\" custom_margin=\"24px||0px|\" custom_css_main_element=\"font-weight:300;\" disabled=\"off\"]\n\npricing\n\n[\/et_pb_text][et_pb_text admin_label=\"Text\" background_layout=\"light\" text_orientation=\"left\" use_border_color=\"off\" border_style=\"solid\" disabled=\"off\"]\n\n\n\n[\/et_pb_text][\/et_pb_column][\/et_pb_row][et_pb_row admin_label=\"Row\" make_fullwidth=\"off\" use_custom_width=\"off\" width_unit=\"on\" custom_width_px=\"1080px\" custom_width_percent=\"80%\" use_custom_gutter=\"on\" gutter_width=\"3\" custom_padding=\"67px||87px|\" custom_padding_tablet=\"37px||87px|\" custom_padding_phone=\"7px||52px|\" padding_mobile=\"on\" allow_player_pause=\"off\" parallax=\"off\" parallax_method=\"off\" make_equal=\"off\" column_padding_mobile=\"on\" background_color_2=\"#ffffff\" parallax_1=\"off\" parallax_method_1=\"off\" parallax_2=\"off\" parallax_method_2=\"off\" parallax_3=\"off\" parallax_method_3=\"off\" parallax_4=\"off\" parallax_method_4=\"off\" custom_css_main_1=\"border: 1px solid #6d6d6d;\" custom_css_main_2=\"border: 1px solid #6d6d6d;\" custom_css_main_3=\"border: 1px solid #6d6d6d;\" custom_padding_last_edited=\"on|phone\" disabled=\"off\"][et_pb_column type=\"1_3\"][et_pb_text admin_label=\"Text\" background_layout=\"light\" text_orientation=\"center\" text_font=\"Roboto||||\" text_font_size=\"24\" text_text_color=\"#673ab7\" text_line_height=\"1.5em\" use_border_color=\"off\" border_style=\"solid\" custom_margin=\"46px||19px|\" custom_css_main_element=\"font-weight:400;\" disabled=\"off\" inline_fonts=\"Ubuntu\"]\n\n<span style=\"color: #ffffff\"><span style=\"font-family: Ubuntu\">Bronze<\/span><\/span>\n\n[\/et_pb_text][et_pb_text admin_label=\"Text\" background_layout=\"light\" text_orientation=\"center\" text_font=\"Roboto Light||||\" text_font_size=\"82\" text_text_color=\"#673ab7\" text_line_height=\"1.1em\" use_border_color=\"off\" border_style=\"solid\" custom_margin=\"0px||10px|\" custom_css_main_element=\"font-weight:300;\" disabled=\"off\" inline_fonts=\"Ubuntu\"]\n\n<span style=\"color: #ffffff;font-family: Ubuntu;font-weight: normal\">$29<\/span>\n\n[\/et_pb_text][et_pb_text admin_label=\"Text\" background_layout=\"light\" text_orientation=\"center\" text_font=\"Roboto Light||||\" text_font_size=\"16\" text_text_color=\"#673ab7\" text_line_height=\"1.1em\" use_border_color=\"off\" border_style=\"solid\" custom_margin=\"0px||53px|\" custom_css_main_element=\"font-weight:300;\" disabled=\"off\" inline_fonts=\"Ubuntu\"]\n\n<p class=\"p1\"><span class=\"s1\" style=\"color: #ffffff;font-family: Ubuntu;font-weight: normal\">Per Photo<\/span><\/p>\n\n[\/et_pb_text][et_pb_divider admin_label=\"Divider\" color=\"#6d6d6d\" show_divider=\"on\" height=\"1px\" divider_style=\"solid\" divider_position=\"top\" divider_weight=\"1px\" hide_on_mobile=\"off\" disabled=\"off\"]\n\n\n\n[\/et_pb_divider][et_pb_text admin_label=\"Text\" background_layout=\"light\" text_orientation=\"center\" text_font=\"Roboto||||\" text_font_size=\"16px\" text_text_color=\"#d6d6d6\" text_letter_spacing=\"2px\" text_line_height=\"1.4em\" use_border_color=\"off\" border_style=\"solid\" custom_margin=\"20px|20px|20px|20px\" custom_css_main_element=\"font-weight:500;\" disabled=\"off\"]\n\nLorem ipsum dolor sit amet, consectetuer adipiscing elit. Donec odio. Quisque volutpat mattis eros. Nullam malesuada erat ut turpis.\n\n[\/et_pb_text][et_pb_button admin_label=\"Button\" button_url=\"#\" url_new_window=\"off\" button_text=\"BUTTON\" button_alignment=\"center\" background_layout=\"light\" custom_button=\"on\" button_text_size=\"14px\" button_text_color=\"#ffffff\" button_bg_color=\"#828282\" button_border_width=\"0\" button_border_color=\"#7e57c2\" button_border_radius=\"3px\" button_letter_spacing=\"2px\" button_font=\"Ubuntu||||\" button_use_icon=\"default\" button_icon_placement=\"right\" button_on_hover=\"on\" button_text_color_hover=\"#ffffff\" button_bg_color_hover=\"#b7b7b7\" button_border_color_hover=\"#7e57c2\" button_border_radius_hover=\"3px\" button_letter_spacing_hover=\"2px\" custom_css_before=\"display: none !important;\" custom_css_main_element=\"padding-top: 15px !important;||padding-right: 38px !important;||padding-bottom: 14px !important;||padding-left: 38px !important;||||font-weight:700;||||\" disabled=\"off\"]\n\n\n\n[\/et_pb_button][et_pb_divider admin_label=\"Divider\" color=\"#cbbce7\" height=\"30px\" divider_style=\"solid\" divider_position=\"top\" divider_weight=\"1px\" hide_on_mobile=\"off\" disabled=\"off\"]\n\n\n\n[\/et_pb_divider][\/et_pb_column][et_pb_column type=\"1_3\"][et_pb_text admin_label=\"Text\" background_layout=\"light\" text_orientation=\"center\" text_font=\"Roboto||||\" text_font_size=\"24\" text_text_color=\"#673ab7\" text_line_height=\"1.5em\" use_border_color=\"off\" border_style=\"solid\" custom_margin=\"46px||19px|\" custom_css_main_element=\"font-weight:400;\" disabled=\"off\" inline_fonts=\"Ubuntu\"]\n\n<span style=\"color: #6d6d6d\"><span style=\"font-family: Ubuntu\">Silver<\/span><\/span>\n\n[\/et_pb_text][et_pb_text admin_label=\"Text\" background_layout=\"light\" text_orientation=\"center\" text_font=\"Roboto Light||||\" text_font_size=\"82\" text_text_color=\"#673ab7\" text_line_height=\"1.1em\" use_border_color=\"off\" border_style=\"solid\" custom_margin=\"0px||10px|\" custom_css_main_element=\"font-weight:300;\" disabled=\"off\" inline_fonts=\"Ubuntu\"]\n\n<span style=\"color: #6d6d6d;font-family: Ubuntu;font-weight: normal\">$99<\/span>\n\n[\/et_pb_text][et_pb_text admin_label=\"Text\" background_layout=\"light\" text_orientation=\"center\" text_font=\"Roboto Light||||\" text_font_size=\"16\" text_text_color=\"#6d6d6d\" text_line_height=\"1.1em\" use_border_color=\"off\" border_style=\"solid\" custom_margin=\"0px||53px|\" custom_css_main_element=\"font-weight:300;\" disabled=\"off\" inline_fonts=\"Ubuntu\"]\n\n<p class=\"p1\"><span class=\"s1\" style=\"color: #6d6d6d;font-family: Ubuntu;font-weight: normal\">Per Photo<\/span><\/p>\n\n[\/et_pb_text][et_pb_divider admin_label=\"Divider\" color=\"#6d6d6d\" show_divider=\"on\" height=\"1px\" divider_style=\"solid\" divider_position=\"top\" divider_weight=\"1px\" hide_on_mobile=\"off\" disabled=\"off\"]\n\n\n\n[\/et_pb_divider][et_pb_text admin_label=\"Text\" background_layout=\"light\" text_orientation=\"center\" text_font=\"Roboto||||\" text_font_size=\"16px\" text_text_color=\"#6d6d6d\" text_letter_spacing=\"2px\" text_line_height=\"1.4em\" use_border_color=\"off\" border_style=\"solid\" custom_margin=\"20px|20px|20px|20px\" custom_css_main_element=\"font-weight:500;\" disabled=\"off\"]\n\nLorem ipsum dolor sit amet, consectetuer adipiscing elit. Donec odio. Quisque volutpat mattis eros. Nullam malesuada erat ut turpis.\n\n[\/et_pb_text][et_pb_button admin_label=\"Button\" button_url=\"#\" url_new_window=\"off\" button_text=\"BUTTON\" button_alignment=\"center\" background_layout=\"light\" custom_button=\"on\" button_text_size=\"14px\" button_text_color=\"#ffffff\" button_bg_color=\"#828282\" button_border_width=\"0\" button_border_color=\"#7e57c2\" button_border_radius=\"3px\" button_letter_spacing=\"2px\" button_font=\"Ubuntu||||\" button_use_icon=\"default\" button_icon_placement=\"right\" button_on_hover=\"on\" button_text_color_hover=\"#ffffff\" button_bg_color_hover=\"#b7b7b7\" button_border_color_hover=\"#7e57c2\" button_border_radius_hover=\"3px\" button_letter_spacing_hover=\"2px\" custom_css_before=\"display: none !important;\" custom_css_main_element=\"padding-top: 15px !important;||padding-right: 38px !important;||padding-bottom: 14px !important;||padding-left: 38px !important;||||font-weight:700;||||\" disabled=\"off\"]\n\n\n\n[\/et_pb_button][et_pb_divider admin_label=\"Divider\" color=\"#cbbce7\" height=\"30px\" divider_style=\"solid\" divider_position=\"top\" divider_weight=\"1px\" hide_on_mobile=\"off\" disabled=\"off\"]\n\n\n\n[\/et_pb_divider][\/et_pb_column][et_pb_column type=\"1_3\"][et_pb_text admin_label=\"Text\" background_layout=\"light\" text_orientation=\"center\" text_font=\"Roboto||||\" text_font_size=\"24\" text_text_color=\"#673ab7\" text_line_height=\"1.5em\" use_border_color=\"off\" border_style=\"solid\" custom_margin=\"46px||19px|\" custom_css_main_element=\"font-weight:400;\" disabled=\"off\" inline_fonts=\"Ubuntu\"]\n\n<span style=\"color: #ffffff\"><span style=\"font-family: Ubuntu\">Gold<\/span><\/span>\n\n[\/et_pb_text][et_pb_text admin_label=\"Text\" background_layout=\"light\" text_orientation=\"center\" text_font=\"Roboto Light||||\" text_font_size=\"82\" text_text_color=\"#673ab7\" text_line_height=\"1.1em\" use_border_color=\"off\" border_style=\"solid\" custom_margin=\"0px||10px|\" custom_css_main_element=\"font-weight:300;\" disabled=\"off\" inline_fonts=\"Ubuntu\"]\n\n<span style=\"color: #ffffff;font-family: Ubuntu;font-weight: normal\">$149<\/span>\n\n[\/et_pb_text][et_pb_text admin_label=\"Text\" background_layout=\"light\" text_orientation=\"center\" text_font=\"Roboto Light||||\" text_font_size=\"16\" text_text_color=\"#673ab7\" text_line_height=\"1.1em\" use_border_color=\"off\" border_style=\"solid\" custom_margin=\"0px||53px|\" custom_css_main_element=\"font-weight:300;\" disabled=\"off\" inline_fonts=\"Ubuntu\"]\n\n<p class=\"p1\"><span class=\"s1\" style=\"color: #ffffff;font-family: Ubuntu;font-weight: normal\">Per Photo<\/span><\/p>\n\n[\/et_pb_text][et_pb_divider admin_label=\"Divider\" color=\"#6d6d6d\" show_divider=\"on\" height=\"1px\" divider_style=\"solid\" divider_position=\"top\" divider_weight=\"1px\" hide_on_mobile=\"off\" disabled=\"off\"]\n\n\n\n[\/et_pb_divider][et_pb_text admin_label=\"Text\" background_layout=\"light\" text_orientation=\"center\" text_font=\"Roboto||||\" text_font_size=\"16px\" text_text_color=\"#d6d6d6\" text_letter_spacing=\"2px\" text_line_height=\"1.4em\" use_border_color=\"off\" border_style=\"solid\" custom_margin=\"20px|20px|20px|20px\" custom_css_main_element=\"font-weight:500;\" disabled=\"off\"]\n\nLorem ipsum dolor sit amet, consectetuer adipiscing elit. Donec odio. Quisque volutpat mattis eros. Nullam malesuada erat ut turpis.\n\n[\/et_pb_text][et_pb_button admin_label=\"Button\" button_url=\"#\" url_new_window=\"off\" button_text=\"BUTTON\" button_alignment=\"center\" background_layout=\"light\" custom_button=\"on\" button_text_size=\"14px\" button_text_color=\"#ffffff\" button_bg_color=\"#828282\" button_border_width=\"0\" button_border_color=\"#7e57c2\" button_border_radius=\"3px\" button_letter_spacing=\"2px\" button_font=\"Ubuntu||||\" button_use_icon=\"default\" button_icon_placement=\"right\" button_on_hover=\"on\" button_text_color_hover=\"#ffffff\" button_bg_color_hover=\"#b7b7b7\" button_border_color_hover=\"#7e57c2\" button_border_radius_hover=\"3px\" button_letter_spacing_hover=\"2px\" custom_css_before=\"display: none !important;\" custom_css_main_element=\"padding-top: 15px !important;||padding-right: 38px !important;||padding-bottom: 14px !important;||padding-left: 38px !important;||||font-weight:700;||||\" disabled=\"off\"]\n\n\n\n[\/et_pb_button][et_pb_divider admin_label=\"Divider\" color=\"#cbbce7\" height=\"30px\" divider_style=\"solid\" divider_position=\"top\" divider_weight=\"1px\" hide_on_mobile=\"off\" disabled=\"off\"]\n\n\n\n[\/et_pb_divider][\/et_pb_column][\/et_pb_row][\/et_pb_section]","post_title":"Photographer Pricing Table","post_excerpt":"","post_status":"publish","comment_status":"closed","ping_status":"closed","post_password":"","post_name":"photographer-pricing-table","to_ping":"","pinged":"","post_modified":"2017-01-04 23:59:11","post_modified_gmt":"2017-01-04 23:59:11","post_content_filtered":"","post_parent":0,"menu_order":0,"post_type":"et_pb_layout","post_mime_type":"","comment_count":"0","filter":"raw","post_meta":{"_et_pb_built_for_post_type":["page"]},"terms":{"11":{"name":"not_global","slug":"not_global","taxonomy":"scope","parent":0,"description":""},"12":{"name":"regular","slug":"regular","taxonomy":"module_width","parent":0,"description":""},"13":{"name":"section","slug":"section","taxonomy":"layout_type","parent":0,"description":""}}}},"images":[]}