{"context":"et_builder_layouts","data":{"30337":{"ID":30337,"post_date":"2017-01-04 23:57:36","post_date_gmt":"2017-01-04 23:57:36","post_content":"[et_pb_section admin_label=\"Photographer Categories Section\" transparent_background=\"off\" background_color=\"#000000\" allow_player_pause=\"off\" inner_shadow=\"off\" parallax=\"off\" parallax_method=\"on\" custom_padding=\"70px|0px|70px|0px\" padding_mobile=\"off\" make_fullwidth=\"off\" use_custom_width=\"off\" width_unit=\"off\" make_equal=\"off\" use_custom_gutter=\"off\" fullwidth=\"off\" specialty=\"off\" custom_css_main_element=\"100vh;\" disabled=\"off\" collapsed=\"on\" template_type=\"section\"][et_pb_row admin_label=\"row\" make_fullwidth=\"on\" use_custom_width=\"off\" width_unit=\"off\" custom_width_px=\"1080px\" custom_width_percent=\"80%\" use_custom_gutter=\"on\" gutter_width=\"0\" custom_padding=\"70px|0px|11px|0px\" padding_mobile=\"on\" background_color=\"#000000\" allow_player_pause=\"off\" parallax=\"off\" parallax_method=\"on\" make_equal=\"off\" column_padding_mobile=\"on\" parallax_1=\"off\" parallax_method_1=\"on\" parallax_2=\"off\" parallax_method_2=\"on\" parallax_3=\"off\" parallax_method_3=\"on\" parallax_4=\"off\" parallax_method_4=\"on\" disabled=\"off\"][et_pb_column type=\"4_4\"][et_pb_text admin_label=\"Text\" background_layout=\"dark\" text_orientation=\"left\" text_font=\"Ubuntu|on||on|\" text_font_size=\"18px\" text_letter_spacing=\"3px\" use_border_color=\"off\" border_style=\"solid\" custom_padding=\"0px|||70px\" disabled=\"off\"]\n\nCategories\n\n[\/et_pb_text][\/et_pb_column][\/et_pb_row][et_pb_row admin_label=\"row\" make_fullwidth=\"on\" use_custom_width=\"off\" width_unit=\"off\" custom_width_px=\"1080px\" custom_width_percent=\"70%\" use_custom_gutter=\"on\" gutter_width=\"2\" custom_padding=\"|||\" padding_mobile=\"on\" custom_margin=\"|||\" allow_player_pause=\"off\" parallax=\"off\" parallax_method=\"on\" make_equal=\"off\" column_padding_mobile=\"on\" background_color_1=\"#000000\" bg_img_1=\"http:\/\/maketa.co.uk\/wp-content\/uploads\/2016\/12\/3.jpg\" bg_img_2=\"http:\/\/maketa.co.uk\/wp-content\/uploads\/2016\/12\/ccc.jpg\" bg_img_3=\"http:\/\/maketa.co.uk\/wp-content\/uploads\/2016\/12\/ffff.jpg\" bg_img_4=\"http:\/\/maketa.co.uk\/wp-content\/uploads\/2016\/12\/wwww.jpg\" parallax_1=\"off\" parallax_method_1=\"on\" parallax_2=\"off\" parallax_method_2=\"on\" parallax_3=\"off\" parallax_method_3=\"on\" parallax_4=\"off\" parallax_method_4=\"on\" module_class=\"categories\" disabled=\"off\"][et_pb_column type=\"1_4\"][et_pb_text admin_label=\"Text\" background_layout=\"light\" text_orientation=\"center\" text_font=\"Ubuntu|on||on|\" text_font_size=\"40px\" text_text_color=\"#ffffff\" text_letter_spacing=\"4px\" background_color=\"rgba(255,255,255,0)\" use_border_color=\"off\" border_style=\"solid\" custom_margin=\"|||\" custom_padding=\"180px||180px|\" disabled=\"off\"]\n\n<div><a href=\"#\" style=\"color: #ffffff\">fashion<\/a><\/div>\n\n[\/et_pb_text][\/et_pb_column][et_pb_column type=\"1_4\"][et_pb_text admin_label=\"Text\" background_layout=\"light\" text_orientation=\"center\" text_font=\"Ubuntu|on||on|\" text_font_size=\"36px\" text_text_color=\"#ffffff\" text_letter_spacing=\"4px\" use_border_color=\"off\" border_style=\"solid\" custom_margin=\"|||\" custom_padding=\"180px||180px|\" disabled=\"off\"]\n\n<div><a href=\"#\" style=\"color: #ffffff\">sport<\/a><\/div>\n\n[\/et_pb_text][\/et_pb_column][et_pb_column type=\"1_4\"][et_pb_text admin_label=\"Text\" background_layout=\"light\" text_orientation=\"center\" text_font=\"Ubuntu|on||on|\" text_font_size=\"36px\" text_text_color=\"#ffffff\" text_letter_spacing=\"4px\" use_border_color=\"off\" border_style=\"solid\" custom_margin=\"|||\" custom_padding=\"180px||180px|\" disabled=\"off\"]\n\n<div><a href=\"#\" style=\"color: #ffffff\">lifestyle<\/a><\/div>\n\n[\/et_pb_text][\/et_pb_column][et_pb_column type=\"1_4\"][et_pb_text admin_label=\"Text\" background_layout=\"light\" text_orientation=\"center\" text_font=\"Ubuntu|on||on|\" text_font_size=\"36px\" text_text_color=\"#ffffff\" text_letter_spacing=\"4px\" use_border_color=\"off\" border_style=\"solid\" custom_margin=\"|||\" custom_padding=\"180px||180px|\" disabled=\"off\"]\n\n<div><a href=\"#\" style=\"color: #ffffff\">racing<\/a><\/div>\n\n[\/et_pb_text][\/et_pb_column][\/et_pb_row][et_pb_row admin_label=\"row\" make_fullwidth=\"on\" use_custom_width=\"off\" width_unit=\"off\" custom_width_px=\"1080px\" custom_width_percent=\"70%\" use_custom_gutter=\"on\" gutter_width=\"2\" custom_padding=\"27px|0px|27px|0px\" padding_mobile=\"on\" custom_margin=\"|||\" allow_player_pause=\"off\" parallax=\"off\" parallax_method=\"on\" make_equal=\"on\" column_padding_mobile=\"on\" background_color_1=\"#000000\" bg_img_1=\"http:\/\/maketa.co.uk\/wp-content\/uploads\/2016\/12\/food.jpg\" bg_img_2=\"http:\/\/maketa.co.uk\/wp-content\/uploads\/2016\/12\/land.jpg\" bg_img_3=\"http:\/\/maketa.co.uk\/wp-content\/uploads\/2016\/12\/athlete.jpg\" bg_img_4=\"http:\/\/maketa.co.uk\/wp-content\/uploads\/2016\/12\/rhino.jpg\" parallax_1=\"off\" parallax_method_1=\"on\" parallax_2=\"off\" parallax_method_2=\"on\" parallax_3=\"off\" parallax_method_3=\"on\" parallax_4=\"off\" parallax_method_4=\"on\" module_class=\"categories\" disabled=\"off\"][et_pb_column type=\"1_4\"][et_pb_text admin_label=\"Text\" background_layout=\"light\" text_orientation=\"center\" text_font=\"Ubuntu|on||on|\" text_font_size=\"40px\" text_text_color=\"#ffffff\" text_letter_spacing=\"4px\" background_color=\"rgba(255,255,255,0)\" use_border_color=\"off\" border_style=\"solid\" custom_margin=\"|||\" custom_padding=\"180px||180px|\" disabled=\"off\"]\n\n<div><a href=\"#\" style=\"color: #ffffff\">food<\/a><\/div>\n\n[\/et_pb_text][\/et_pb_column][et_pb_column type=\"1_4\"][et_pb_text admin_label=\"Text\" background_layout=\"light\" text_orientation=\"center\" text_font=\"Ubuntu|on||on|\" text_font_size=\"34px\" text_text_color=\"#ffffff\" text_letter_spacing=\"4px\" use_border_color=\"off\" border_style=\"solid\" custom_margin=\"|||\" custom_padding=\"180px||180px|\" disabled=\"off\"]\n\n<p>landscape<\/p>\n\n[\/et_pb_text][\/et_pb_column][et_pb_column type=\"1_4\"][et_pb_text admin_label=\"Text\" background_layout=\"light\" text_orientation=\"center\" text_font=\"Ubuntu|on||on|\" text_font_size=\"36px\" text_text_color=\"#ffffff\" text_letter_spacing=\"4px\" use_border_color=\"off\" border_style=\"solid\" custom_margin=\"|||\" custom_padding=\"180px||180px|\" disabled=\"off\"]\n\n<div><a href=\"#\" style=\"color: #ffffff\">athletics<\/a><\/div>\n\n[\/et_pb_text][\/et_pb_column][et_pb_column type=\"1_4\"][et_pb_text admin_label=\"Text\" background_layout=\"light\" text_orientation=\"center\" text_font=\"Ubuntu|on||on|\" text_font_size=\"36px\" text_text_color=\"#ffffff\" text_letter_spacing=\"4px\" use_border_color=\"off\" border_style=\"solid\" custom_margin=\"|||\" custom_padding=\"180px||180px|\" disabled=\"off\"]\n\n<div><a href=\"#\" style=\"color: #ffffff\">animals<\/a><\/div>\n\n[\/et_pb_text][\/et_pb_column][\/et_pb_row][\/et_pb_section]","post_title":"Photographer Categories Section","post_excerpt":"","post_status":"publish","comment_status":"closed","ping_status":"closed","post_password":"","post_name":"photographer-categories-section","to_ping":"","pinged":"","post_modified":"2017-01-04 23:57:36","post_modified_gmt":"2017-01-04 23:57:36","post_content_filtered":"","post_parent":0,"menu_order":0,"post_type":"et_pb_layout","post_mime_type":"","comment_count":"0","filter":"raw","post_meta":{"_et_pb_built_for_post_type":["page"]},"terms":{"11":{"name":"not_global","slug":"not_global","taxonomy":"scope","parent":0,"description":""},"12":{"name":"regular","slug":"regular","taxonomy":"module_width","parent":0,"description":""},"13":{"name":"section","slug":"section","taxonomy":"layout_type","parent":0,"description":""}}}},"images":[]}