{"context":"et_builder_layouts","data":{"1049":{"ID":1049,"post_date":"2016-06-10 16:09:53","post_date_gmt":"2016-06-10 16:09:53","post_content":"[et_pb_pricing_tables admin_label=\"Pricing Tables 3\" show_bullet=\"off\" center_list_items=\"on\" use_border_color=\"off\" border_color=\"#ffffff\" border_style=\"solid\" custom_button=\"off\" button_use_icon=\"default\" button_icon_placement=\"right\" button_on_hover=\"on\" button_letter_spacing_hover=\"0\" remove_featured_drop_shadow=\"off\" module_class=\"princing_small\" currency_frequency_font=\"PT Sans||||\" saved_tabs=\"all\" button_letter_spacing=\"0\" body_text_color=\"#666666\" body_font_size=\"16px\" body_letter_spacing=\"1px\" body_line_height=\"1em\" template_type=\"module\"]\n\n[et_pb_pricing_table featured=\"off\" currency=\"$\" sum=\"47\" header_font_select=\"default\" header_font=\"||||\" subheader_font_select=\"Raleway\" subheader_font=\"Raleway||||\" currency_frequency_font_select=\"default\" currency_frequency_font=\"||||\" currency_frequency_text_color=\"#333333\" price_font_select=\"Montserrat\" price_font=\"Montserrat|on|||\" price_text_color=\"#da1755\" body_font_select=\"default\" body_font=\"||||\" custom_button=\"on\" button_font_select=\"Roboto\" button_font=\"Roboto|on|||\" button_use_icon=\"off\" button_icon_placement=\"right\" button_on_hover=\"on\" currency_frequency_font_size=\"15px\" currency_frequency_font_size_tablet=\"14px\" currency_frequency_font_size_phone=\"13px\" currency_frequency_letter_spacing=\"1px\" currency_frequency_letter_spacing_tablet=\"1px\" currency_frequency_letter_spacing_phone=\"1px\" currency_frequency_line_height_tablet=\"1.5em\" currency_frequency_line_height_phone=\"1.5em\" background_color=\"#ffffff\" button_text_size=\"16\" button_text_size_tablet=\"16\" button_text_size_phone=\"16\" button_text_color=\"#ffffff\" button_bg_color=\"#da1755\" button_border_color=\"#da1755\" button_border_radius=\"30\" button_text_color_hover=\"#da1755\" button_bg_color_hover=\"rgba(255,255,255,0)\" button_border_color_hover=\"#da1755\" button_border_radius_hover=\"30\" button_letter_spacing_hover=\"2\" button_letter_spacing_hover_tablet=\"1\" button_letter_spacing_hover_phone=\"1\" button_text=\"GET ACCESS\" currency_frequency_font_size_last_edited=\"off|phone\" price_font_size_tablet=\"60\" price_font_size_phone=\"50\" price_font_size_last_edited=\"off|phone\" price_letter_spacing=\"1px\" price_letter_spacing_tablet=\"1px\" price_letter_spacing_phone=\"1px\" button_letter_spacing=\"1\" button_letter_spacing_tablet=\"1\" button_letter_spacing_phone=\"1\" button_url=\"#\" subheader_font_size=\"20\" subheader_font_size_tablet=\"20\" subheader_font_size_phone=\"20\" subheader_text_color=\"#333333\" subheader_letter_spacing=\"2px\" subheader_letter_spacing_tablet=\"2px\" subheader_letter_spacing_phone=\"2px\"]\n\n<span class=\"text_title_options\">Personal<\/span>\nWebsite + Hosting\n\n[\/et_pb_pricing_table][et_pb_pricing_table featured=\"on\" currency=\"$\" sum=\"97\" header_font_select=\"default\" header_font=\"||||\" subheader_font_select=\"Raleway\" subheader_font=\"Raleway||||\" currency_frequency_font_select=\"default\" currency_frequency_font=\"||||\" currency_frequency_text_color=\"#333333\" price_font_select=\"Montserrat\" price_font=\"Montserrat|on|||\" price_text_color=\"#da1755\" body_font_select=\"default\" body_font=\"||||\" custom_button=\"on\" button_font_select=\"Roboto\" button_font=\"Roboto|on|||\" button_use_icon=\"off\" button_icon_placement=\"right\" button_on_hover=\"on\" currency_frequency_font_size=\"15px\" currency_frequency_font_size_tablet=\"14px\" currency_frequency_font_size_phone=\"13px\" currency_frequency_letter_spacing=\"1px\" currency_frequency_letter_spacing_tablet=\"1px\" currency_frequency_letter_spacing_phone=\"1px\" currency_frequency_line_height_tablet=\"1.5em\" currency_frequency_line_height_phone=\"1.5em\" background_color=\"#ffffff\" button_text_size=\"16\" button_text_size_tablet=\"16\" button_text_size_phone=\"16\" button_text_color=\"#ffffff\" button_bg_color=\"#da1755\" button_border_color=\"#da1755\" button_border_radius=\"30\" button_text_color_hover=\"#da1755\" button_bg_color_hover=\"rgba(255,255,255,0)\" button_border_color_hover=\"#da1755\" button_border_radius_hover=\"30\" button_letter_spacing_hover=\"2\" button_letter_spacing_hover_tablet=\"1\" button_letter_spacing_hover_phone=\"1\" button_text=\"GET ACCESS\" currency_frequency_font_size_last_edited=\"off|phone\" price_font_size_tablet=\"60\" price_font_size_phone=\"50\" price_font_size_last_edited=\"off|phone\" price_letter_spacing=\"1px\" price_letter_spacing_tablet=\"1px\" price_letter_spacing_phone=\"1px\" button_letter_spacing=\"1\" button_letter_spacing_tablet=\"1\" button_letter_spacing_phone=\"1\" button_url=\"#\" subheader_font_size=\"20\" subheader_font_size_tablet=\"20\" subheader_font_size_phone=\"20\" subheader_text_color=\"#333333\" subheader_letter_spacing=\"2px\" subheader_letter_spacing_tablet=\"2px\" subheader_letter_spacing_phone=\"2px\"]\n\n<span class=\"text_title_options\">Web Agency<\/span>\nWebsite + Hosting + Domain\n\n[\/et_pb_pricing_table][et_pb_pricing_table featured=\"off\" currency=\"$\" sum=\"127\" header_font_select=\"default\" header_font=\"||||\" subheader_font_select=\"Raleway\" subheader_font=\"Raleway||||\" currency_frequency_font_select=\"default\" currency_frequency_font=\"||||\" currency_frequency_text_color=\"#333333\" price_font_select=\"Montserrat\" price_font=\"Montserrat|on|||\" price_text_color=\"#da1755\" body_font_select=\"default\" body_font=\"||||\" custom_button=\"on\" button_font_select=\"Roboto\" button_font=\"Roboto|on|||\" button_use_icon=\"off\" button_icon_placement=\"right\" button_on_hover=\"on\" currency_frequency_font_size=\"15px\" currency_frequency_font_size_tablet=\"14px\" currency_frequency_font_size_phone=\"13px\" currency_frequency_letter_spacing=\"1px\" currency_frequency_letter_spacing_tablet=\"1px\" currency_frequency_letter_spacing_phone=\"1px\" currency_frequency_line_height_tablet=\"1.5em\" currency_frequency_line_height_phone=\"1.5em\" background_color=\"#ffffff\" button_text_size=\"16\" button_text_size_tablet=\"16\" button_text_size_phone=\"16\" button_text_color=\"#ffffff\" button_bg_color=\"#da1755\" button_border_color=\"#da1755\" button_border_radius=\"30\" button_text_color_hover=\"#da1755\" button_bg_color_hover=\"rgba(255,255,255,0)\" button_border_color_hover=\"#da1755\" button_border_radius_hover=\"30\" button_letter_spacing_hover=\"2\" button_letter_spacing_hover_tablet=\"1\" button_letter_spacing_hover_phone=\"1\" button_text=\"GET ACCESS\" currency_frequency_font_size_last_edited=\"off|phone\" price_font_size_tablet=\"60\" price_font_size_phone=\"50\" price_font_size_last_edited=\"off|phone\" price_letter_spacing=\"1px\" price_letter_spacing_tablet=\"1px\" price_letter_spacing_phone=\"1px\" button_letter_spacing=\"1\" button_letter_spacing_tablet=\"1\" button_letter_spacing_phone=\"1\" button_url=\"#\" subheader_font_size=\"20\" subheader_font_size_tablet=\"20\" subheader_font_size_phone=\"20\" subheader_text_color=\"#333333\" subheader_letter_spacing=\"2px\" subheader_letter_spacing_tablet=\"2px\" subheader_letter_spacing_phone=\"2px\"]\n\n<span class=\"text_title_options\">Enterprise<\/span>\neCommerce + Hosting + Domain\n\n[\/et_pb_pricing_table]\n\n[\/et_pb_pricing_tables]","post_title":"Pricing Tables 3","post_excerpt":"","post_status":"publish","comment_status":"closed","ping_status":"closed","post_password":"","post_name":"pricing-tables-3","to_ping":"","pinged":"","post_modified":"2016-06-10 16:09:53","post_modified_gmt":"2016-06-10 16:09:53","post_content_filtered":"","post_parent":0,"menu_order":0,"post_type":"et_pb_layout","post_mime_type":"","comment_count":"0","filter":"raw","post_meta":{"_et_pb_module_type":["et_pb_pricing_tables"],"_et_pb_built_for_post_type":["page"]},"terms":{"12":{"name":"module","slug":"module","taxonomy":"layout_type","parent":0,"description":""},"7":{"name":"not_global","slug":"not_global","taxonomy":"scope","parent":0,"description":""},"11":{"name":"Pricing Table (Creative Child Themes)","slug":"pricing-table-creative-child-themes","taxonomy":"layout_category","parent":0,"description":""},"8":{"name":"regular","slug":"regular","taxonomy":"module_width","parent":0,"description":""}}},"1048":{"ID":1048,"post_date":"2016-06-10 16:09:40","post_date_gmt":"2016-06-10 16:09:40","post_content":"[et_pb_pricing_tables admin_label=\"Pricing Tables 2\" show_bullet=\"off\" center_list_items=\"on\" subheader_text_color=\"#656b6f\" background_color=\"#ffffff\" use_border_color=\"off\" border_color=\"#ffffff\" border_style=\"solid\" custom_button=\"off\" button_use_icon=\"default\" button_icon_placement=\"right\" button_on_hover=\"on\" button_letter_spacing_hover=\"0\" remove_featured_drop_shadow=\"off\" header_letter_spacing=\"1px\" header_line_height=\"1.4em\" subheader_font=\"PT Sans||||\" subheader_letter_spacing=\"1px\" subheader_line_height=\"1.4em\" body_font_size=\"15px\" body_letter_spacing=\"1px\" body_line_height=\"1em\" module_class=\"table_princing_image\" currency_frequency_font=\"PT Sans||||\" currency_frequency_line_height=\"1\" price_font_size=\"70\" saved_tabs=\"all\" button_letter_spacing=\"0\" template_type=\"module\"]\n\n[et_pb_pricing_table featured=\"off\" header_font_select=\"default\" header_font=\"||||\" subheader_font_select=\"default\" subheader_font=\"||||\" currency_frequency_font_select=\"default\" currency_frequency_font=\"||||\" price_font_select=\"default\" price_font=\"||||\" body_font_select=\"default\" body_font=\"||||\" custom_button=\"on\" button_font_select=\"default\" button_font=\"||||\" button_use_icon=\"off\" button_icon_placement=\"right\" button_on_hover=\"on\" currency_frequency_line_height_tablet=\"1.5em\" currency_frequency_line_height_phone=\"1.5em\" background_color=\"#ffffff\" button_text_size=\"16\" button_text_size_tablet=\"16\" button_text_size_phone=\"16\" button_text_color=\"#85fe51\" button_bg_color=\"#333058\" button_border_color=\"#333058\" button_border_radius=\"0\" button_text_color_hover=\"#85fe51\" button_bg_color_hover=\"rgba(255,255,255,0)\" button_border_color_hover=\"#333058\" button_border_radius_hover=\"0\" button_letter_spacing_hover=\"2\" button_letter_spacing_hover_tablet=\"1\" button_letter_spacing_hover_phone=\"1\" button_url=\"https:\/\/creativechildthemes.com\/product\/fast-setup-service\/\" button_text=\"REQUEST SERVICE\" currency_frequency_font_size_last_edited=\"off|phone\" price_font_size_tablet=\"60\" price_font_size_phone=\"50\" price_font_size_last_edited=\"off|phone\" button_letter_spacing=\"1\" button_letter_spacing_tablet=\"1\" button_letter_spacing_phone=\"1\" header_line_height=\"1em\" header_line_height_tablet=\"1em\" header_line_height_phone=\"1em\" subheader_line_height=\"1em\" subheader_line_height_tablet=\"1em\" subheader_line_height_phone=\"1em\"]\n\n<span class=\"pricing_text\">0$<\/span>\n\n<span class=\"title_text\">FREE<\/span>\n+3 USER\n+10GB STORAGE\n+IMPORT\/EXPORT CSV\n\n[\/et_pb_pricing_table][et_pb_pricing_table featured=\"on\" header_font_select=\"default\" header_font=\"||||\" subheader_font_select=\"default\" subheader_font=\"||||\" currency_frequency_font_select=\"default\" currency_frequency_font=\"||||\" price_font_select=\"default\" price_font=\"||||\" body_font_select=\"default\" body_font=\"||||\" custom_button=\"on\" button_font_select=\"default\" button_font=\"||||\" button_use_icon=\"off\" button_icon_placement=\"right\" button_on_hover=\"on\" currency_frequency_line_height_tablet=\"1.5em\" currency_frequency_line_height_phone=\"1.5em\" background_color=\"#ffffff\" button_text_size=\"16\" button_text_size_tablet=\"16\" button_text_size_phone=\"16\" button_text_color=\"#ffffff\" button_bg_color=\"#85fe51\" button_border_color=\"#85fe51\" button_border_radius=\"0\" button_text_color_hover=\"#85fe51\" button_bg_color_hover=\"rgba(255,255,255,0)\" button_border_color_hover=\"#dddddd\" button_border_radius_hover=\"0\" button_letter_spacing_hover=\"2\" button_letter_spacing_hover_tablet=\"1\" button_letter_spacing_hover_phone=\"1\" button_url=\"https:\/\/creativechildthemes.com\/product\/fast-setup-service\/\" button_text=\"REQUEST SERVICE\" currency_frequency_font_size_last_edited=\"off|phone\" price_font_size_tablet=\"60\" price_font_size_phone=\"50\" price_font_size_last_edited=\"off|phone\" button_letter_spacing=\"1\" button_letter_spacing_tablet=\"1\" button_letter_spacing_phone=\"1\" header_line_height=\"1em\" header_line_height_tablet=\"1em\" header_line_height_phone=\"1em\" subheader_line_height=\"1em\" subheader_line_height_tablet=\"1em\" subheader_line_height_phone=\"1em\"]\n\n<span class=\"pricing_text\">47$<\/span>\n\n<span class=\"title_text\">MOST POPULAR<\/span>\n+10 USER\n+50GB STORAGE\n+IMPORT\/EXPORT CSV\n\n[\/et_pb_pricing_table][et_pb_pricing_table featured=\"off\" header_font_select=\"default\" header_font=\"||||\" subheader_font_select=\"default\" subheader_font=\"||||\" currency_frequency_font_select=\"default\" currency_frequency_font=\"||||\" price_font_select=\"default\" price_font=\"||||\" body_font_select=\"default\" body_font=\"||||\" custom_button=\"on\" button_font_select=\"default\" button_font=\"||||\" button_use_icon=\"off\" button_icon_placement=\"right\" button_on_hover=\"on\" currency_frequency_line_height_tablet=\"1.5em\" currency_frequency_line_height_phone=\"1.5em\" background_color=\"#ffffff\" button_text_size=\"16\" button_text_size_tablet=\"16\" button_text_size_phone=\"16\" button_text_color=\"#85fe51\" button_bg_color=\"#333058\" button_border_color=\"#333058\" button_border_radius=\"0\" button_text_color_hover=\"#85fe51\" button_bg_color_hover=\"rgba(255,255,255,0)\" button_border_color_hover=\"#333058\" button_border_radius_hover=\"0\" button_letter_spacing_hover=\"2\" button_letter_spacing_hover_tablet=\"1\" button_letter_spacing_hover_phone=\"1\" button_url=\"https:\/\/creativechildthemes.com\/product\/fast-setup-service\/\" button_text=\"REQUEST SERVICE\" currency_frequency_font_size_last_edited=\"off|phone\" price_font_size_tablet=\"60\" price_font_size_phone=\"50\" price_font_size_last_edited=\"off|phone\" button_letter_spacing=\"1\" button_letter_spacing_tablet=\"1\" button_letter_spacing_phone=\"1\" header_line_height=\"1em\" header_line_height_tablet=\"1em\" header_line_height_phone=\"1em\" subheader_line_height=\"1em\" subheader_line_height_tablet=\"1em\" subheader_line_height_phone=\"1em\"]\n\n<span class=\"pricing_text\">97$<\/span>\n\n<span class=\"title_text\">BUSINESS<\/span>\n+UNLIMITED USER\n+100GB STORAGE\n+IMPORT\/EXPORT CSV\n\n[\/et_pb_pricing_table]\n\n[\/et_pb_pricing_tables]","post_title":"Pricing Tables 2","post_excerpt":"","post_status":"publish","comment_status":"closed","ping_status":"closed","post_password":"","post_name":"pricing-tables-2-2","to_ping":"","pinged":"","post_modified":"2016-06-10 16:09:40","post_modified_gmt":"2016-06-10 16:09:40","post_content_filtered":"","post_parent":0,"menu_order":0,"post_type":"et_pb_layout","post_mime_type":"","comment_count":"0","filter":"raw","post_meta":{"_et_pb_module_type":["et_pb_pricing_tables"],"_et_pb_built_for_post_type":["page"]},"terms":{"12":{"name":"module","slug":"module","taxonomy":"layout_type","parent":0,"description":""},"7":{"name":"not_global","slug":"not_global","taxonomy":"scope","parent":0,"description":""},"11":{"name":"Pricing Table (Creative Child Themes)","slug":"pricing-table-creative-child-themes","taxonomy":"layout_category","parent":0,"description":""},"8":{"name":"regular","slug":"regular","taxonomy":"module_width","parent":0,"description":""}}},"1046":{"ID":1046,"post_date":"2016-06-10 16:09:19","post_date_gmt":"2016-06-10 16:09:19","post_content":"[et_pb_pricing_tables admin_label=\"Pricing Tables 1\" header_background_color=\"#7a7dff\" show_bullet=\"off\" center_list_items=\"on\" header_text_color=\"#7a7dff\" subheader_text_color=\"#7a7dff\" background_color=\"#ffffff\" use_border_color=\"off\" border_color=\"#ffffff\" border_style=\"solid\" custom_button=\"off\" button_use_icon=\"default\" button_icon_placement=\"right\" button_on_hover=\"on\" button_letter_spacing_hover=\"0\" remove_featured_drop_shadow=\"off\" header_letter_spacing=\"1px\" header_line_height=\"1.4em\" subheader_font=\"PT Sans||||\" subheader_letter_spacing=\"1px\" subheader_line_height=\"1.4em\" body_font_size=\"15px\" body_letter_spacing=\"1px\" body_line_height=\"1em\" module_class=\"tabs_custom\" currency_frequency_font=\"PT Sans||||\" price_font=\"PT Sans||||\" currency_frequency_line_height=\"1\" price_font_size=\"70\" saved_tabs=\"all\" button_letter_spacing=\"0\" template_type=\"module\"]\n\n[et_pb_pricing_table featured=\"off\" title=\"Basic\" currency=\"$\" sum=\"47\" header_font_select=\"default\" header_font=\"||||\" header_text_color=\"#ffffff\" subheader_font_select=\"PT Sans\" subheader_font=\"PT Sans||||\" currency_frequency_font_select=\"default\" currency_frequency_font=\"||||\" currency_frequency_text_color=\"#ffffff\" price_font_select=\"default\" price_font=\"||||\" price_text_color=\"#ffffff\" body_font_select=\"default\" body_font=\"||||\" custom_button=\"on\" button_font_select=\"default\" button_font=\"||||\" button_use_icon=\"off\" button_icon_placement=\"right\" button_on_hover=\"on\" header_line_height=\"4em\" header_line_height_tablet=\"4em\" header_line_height_phone=\"4em\" subheader_font_size=\"17\" subheader_font_size_tablet=\"17\" subheader_font_size_phone=\"17\" subheader_line_height=\"2em\" subheader_line_height_tablet=\"2em\" subheader_line_height_phone=\"2em\" currency_frequency_font_size=\"15px\" currency_frequency_font_size_tablet=\"14px\" currency_frequency_font_size_phone=\"13px\" currency_frequency_letter_spacing=\"1px\" currency_frequency_letter_spacing_tablet=\"1px\" currency_frequency_letter_spacing_phone=\"1px\" currency_frequency_line_height_tablet=\"1.5em\" currency_frequency_line_height_phone=\"1.5em\" background_color=\"#7a7dff\" button_text_size=\"16\" button_text_size_tablet=\"16\" button_text_size_phone=\"16\" button_text_color=\"#ffffff\" button_bg_color=\"#7a7dff\" button_border_color=\"#7a7dff\" button_border_radius=\"30\" button_text_color_hover=\"#ffffff\" button_bg_color_hover=\"#a8a9ff\" button_border_color_hover=\"#ffffff\" button_border_radius_hover=\"30\" button_letter_spacing_hover=\"2\" button_letter_spacing_hover_tablet=\"1\" button_letter_spacing_hover_phone=\"1\" header_font_size=\"18\" header_font_size_tablet=\"18\" header_font_size_phone=\"18\" button_url=\"#\" button_text=\"REQUEST SERVICE\" currency_frequency_font_size_last_edited=\"off|phone\" price_font_size_tablet=\"60\" price_font_size_phone=\"50\" price_font_size_last_edited=\"off|phone\" button_letter_spacing=\"1\" button_letter_spacing_tablet=\"1\" button_letter_spacing_phone=\"1\" body_text_color=\"#ffffff\"]\n\n+Maintenance\n+Updating\n+Server monitoring\n+Daily backup database\n+Malware removal in 24 hours\n+Support 24 hours on 24\n\n[\/et_pb_pricing_table][et_pb_pricing_table featured=\"off\" title=\"Standard\" currency=\"$\" sum=\"97\" header_font_select=\"default\" header_font=\"||||\" header_text_color=\"#ffffff\" subheader_font_select=\"PT Sans\" subheader_font=\"PT Sans||||\" currency_frequency_font_select=\"default\" currency_frequency_font=\"||||\" currency_frequency_text_color=\"#ffffff\" price_font_select=\"default\" price_font=\"||||\" price_text_color=\"#ffffff\" body_font_select=\"default\" body_font=\"||||\" custom_button=\"on\" button_font_select=\"default\" button_font=\"||||\" button_use_icon=\"off\" button_icon_placement=\"right\" button_on_hover=\"on\" header_line_height=\"4em\" header_line_height_tablet=\"4em\" header_line_height_phone=\"4em\" subheader_font_size=\"17\" subheader_font_size_tablet=\"17\" subheader_font_size_phone=\"17\" subheader_line_height=\"2em\" subheader_line_height_tablet=\"2em\" subheader_line_height_phone=\"2em\" currency_frequency_font_size=\"15px\" currency_frequency_font_size_tablet=\"14px\" currency_frequency_font_size_phone=\"13px\" currency_frequency_letter_spacing=\"1px\" currency_frequency_letter_spacing_tablet=\"1px\" currency_frequency_letter_spacing_phone=\"1px\" currency_frequency_line_height_tablet=\"1.5em\" currency_frequency_line_height_phone=\"1.5em\" background_color=\"#7a7dff\" button_text_size=\"16\" button_text_size_tablet=\"16\" button_text_size_phone=\"16\" button_text_color=\"#ffffff\" button_bg_color=\"#7a7dff\" button_border_color=\"#7a7dff\" button_border_radius=\"30\" button_text_color_hover=\"#ffffff\" button_bg_color_hover=\"#a8a9ff\" button_border_color_hover=\"#ffffff\" button_border_radius_hover=\"30\" button_letter_spacing_hover=\"2\" button_letter_spacing_hover_tablet=\"1\" button_letter_spacing_hover_phone=\"1\" header_font_size=\"18\" header_font_size_tablet=\"18\" header_font_size_phone=\"18\" button_url=\"#\" button_text=\"REQUEST SERVICE\" currency_frequency_font_size_last_edited=\"off|phone\" price_font_size_tablet=\"60\" price_font_size_phone=\"50\" price_font_size_last_edited=\"off|phone\" button_letter_spacing=\"1\" button_letter_spacing_tablet=\"1\" button_letter_spacing_phone=\"1\" body_text_color=\"#ffffff\"]\n\n+Maintenance\n+Updating\n+Server monitoring\n+Daily backup database\n+Malware removal in 24 hours\n+Support 24 hours on 24\n\n[\/et_pb_pricing_table][et_pb_pricing_table featured=\"off\" title=\"Business\" currency=\"$\" sum=\"127\" header_font_select=\"default\" header_font=\"||||\" header_text_color=\"#ffffff\" subheader_font_select=\"PT Sans\" subheader_font=\"PT Sans||||\" currency_frequency_font_select=\"default\" currency_frequency_font=\"||||\" currency_frequency_text_color=\"#ffffff\" price_font_select=\"default\" price_font=\"||||\" price_text_color=\"#ffffff\" body_font_select=\"default\" body_font=\"||||\" custom_button=\"on\" button_font_select=\"default\" button_font=\"||||\" button_use_icon=\"off\" button_icon_placement=\"right\" button_on_hover=\"on\" header_line_height=\"4em\" header_line_height_tablet=\"4em\" header_line_height_phone=\"4em\" subheader_font_size=\"17\" subheader_font_size_tablet=\"17\" subheader_font_size_phone=\"17\" subheader_line_height=\"2em\" subheader_line_height_tablet=\"2em\" subheader_line_height_phone=\"2em\" currency_frequency_font_size=\"15px\" currency_frequency_font_size_tablet=\"14px\" currency_frequency_font_size_phone=\"13px\" currency_frequency_letter_spacing=\"1px\" currency_frequency_letter_spacing_tablet=\"1px\" currency_frequency_letter_spacing_phone=\"1px\" currency_frequency_line_height_tablet=\"1.5em\" currency_frequency_line_height_phone=\"1.5em\" background_color=\"#7a7dff\" button_text_size=\"16\" button_text_size_tablet=\"16\" button_text_size_phone=\"16\" button_text_color=\"#ffffff\" button_bg_color=\"#7a7dff\" button_border_color=\"#7a7dff\" button_border_radius=\"30\" button_text_color_hover=\"#ffffff\" button_bg_color_hover=\"#a8a9ff\" button_border_color_hover=\"#ffffff\" button_border_radius_hover=\"30\" button_letter_spacing_hover=\"2\" button_letter_spacing_hover_tablet=\"1\" button_letter_spacing_hover_phone=\"1\" header_font_size=\"18\" header_font_size_tablet=\"18\" header_font_size_phone=\"18\" button_url=\"#\" button_text=\"REQUEST SERVICE\" currency_frequency_font_size_last_edited=\"off|phone\" price_font_size_tablet=\"60\" price_font_size_phone=\"50\" price_font_size_last_edited=\"off|phone\" button_letter_spacing=\"1\" button_letter_spacing_tablet=\"1\" button_letter_spacing_phone=\"1\" body_text_color=\"#ffffff\"]\n\n+Maintenance\n+Updating\n+Server monitoring\n+Daily backup database\n+Malware removal in 24 hours\n+Support 24 hours on 24\n\n[\/et_pb_pricing_table]\n\n[\/et_pb_pricing_tables]","post_title":"Pricing Tables 1","post_excerpt":"","post_status":"publish","comment_status":"closed","ping_status":"closed","post_password":"","post_name":"pricing-tables-1","to_ping":"","pinged":"","post_modified":"2016-06-10 16:09:19","post_modified_gmt":"2016-06-10 16:09:19","post_content_filtered":"","post_parent":0,"menu_order":0,"post_type":"et_pb_layout","post_mime_type":"","comment_count":"0","filter":"raw","post_meta":{"_et_pb_module_type":["et_pb_pricing_tables"],"_et_pb_built_for_post_type":["page"]},"terms":{"12":{"name":"module","slug":"module","taxonomy":"layout_type","parent":0,"description":""},"7":{"name":"not_global","slug":"not_global","taxonomy":"scope","parent":0,"description":""},"11":{"name":"Pricing Table (Creative Child Themes)","slug":"pricing-table-creative-child-themes","taxonomy":"layout_category","parent":0,"description":""},"8":{"name":"regular","slug":"regular","taxonomy":"module_width","parent":0,"description":""}}}},"images":[]}