{"context":"et_builder_layouts","data":{"3896":{"ID":3896,"post_date":"2016-04-22 19:21:09","post_date_gmt":"2016-04-22 17:21:09","post_content":"<p>[et_pb_section admin_label=\"section\" transparent_background=\"off\" allow_player_pause=\"off\" inner_shadow=\"off\" parallax=\"off\" parallax_method=\"off\" custom_padding=\"0px||0px|\" padding_mobile=\"on\" make_fullwidth=\"off\" use_custom_width=\"off\" width_unit=\"on\" make_equal=\"off\" use_custom_gutter=\"off\"][et_pb_row admin_label=\"row\" make_fullwidth=\"off\" use_custom_width=\"off\" width_unit=\"on\" use_custom_gutter=\"off\" gutter_width=\"1\" padding_mobile=\"on\" allow_player_pause=\"off\" parallax=\"off\" parallax_method=\"off\" make_equal=\"off\" parallax_1=\"off\" parallax_method_1=\"off\" parallax_2=\"off\" parallax_method_2=\"off\" column_padding_mobile=\"on\" custom_padding=\"120px||0px|\" custom_padding_tablet=\"100px||0px|\" custom_padding_last_edited=\"on|tablet\"][et_pb_column type=\"4_4\"][et_pb_text admin_label=\"Text\" background_layout=\"light\" text_orientation=\"center\" text_font=\"Playfair Display||||\" text_font_size=\"64\" text_font_size_tablet=\"46\" text_font_size_last_edited=\"on|tablet\" text_text_color=\"#3b3d40\" use_border_color=\"off\" border_color=\"#ffffff\" border_style=\"solid\" custom_margin=\"||40px|\" custom_margin_tablet=\"||20px|\" custom_margin_last_edited=\"on|tablet\"]<\/p><p>Get In Touch<\/p><p>[\/et_pb_text][et_pb_text admin_label=\"Text\" background_layout=\"light\" text_orientation=\"center\" max_width=\"510px\" text_font=\"Source Sans Pro||||\" text_font_size=\"24\" text_font_size_last_edited=\"on|tablet\" text_text_color=\"#827f7f\" use_border_color=\"off\" border_color=\"#ffffff\" border_style=\"solid\" text_line_height=\"1.4em\" text_font_size_tablet=\"18\"]<\/p><p>Sed ut perspiciatis unde omnis iste natus errorae sit voluptatem accusa antium.<\/p><p>[\/et_pb_text][\/et_pb_column][\/et_pb_row][et_pb_row admin_label=\"Row\" make_fullwidth=\"off\" use_custom_width=\"on\" width_unit=\"on\" use_custom_gutter=\"off\" custom_padding=\"56px||120px|\" padding_mobile=\"on\" allow_player_pause=\"off\" parallax=\"off\" parallax_method=\"off\" make_equal=\"off\" parallax_1=\"off\" parallax_method_1=\"off\" column_padding_mobile=\"on\" custom_width_px=\"660px\" custom_padding_tablet=\"16px||100px|\" custom_padding_last_edited=\"on|tablet\"][et_pb_column type=\"4_4\"][et_pb_contact_form admin_label=\"Contact Form\" captcha=\"off\" use_redirect=\"off\" form_background_color=\"#f9f9f9\" input_border_radius=\"3\" title_text_color=\"#848282\" form_field_text_color=\"#848282\" use_border_color=\"off\" border_color=\"#ffffff\" border_style=\"solid\" custom_button=\"on\" button_letter_spacing=\"1\" button_use_icon=\"default\" button_icon_placement=\"right\" button_on_hover=\"on\" button_letter_spacing_hover=\"0\" title_font=\"Source Sans Pro||||\" title_font_size=\"18\" form_field_font=\"Source Sans Pro||||\" form_field_font_size=\"18\" button_text_size=\"18\" button_text_color=\"#ffffff\" button_bg_color=\"#d94b6a\" button_font=\"Montserrat||||\" button_text_color_hover=\"#ffffff\" button_bg_color_hover=\"#d94b6a\" button_border_color_hover=\"#d94b6a\" button_border_radius=\"4\" button_border_radius_hover=\"4\" button_border_width=\"4\" button_border_color=\"#d94b6a\"]<\/p><p>[et_pb_contact_field field_title=\"Name\" field_type=\"input\" field_id=\"Name\" required_mark=\"on\" fullwidth_field=\"off\" \/][et_pb_contact_field field_title=\"Email Address\" field_type=\"email\" field_id=\"Email\" required_mark=\"on\" fullwidth_field=\"off\" \/][et_pb_contact_field field_title=\"Message\" field_type=\"text\" field_id=\"Message\" required_mark=\"on\" \/]<\/p><p>[\/et_pb_contact_form][\/et_pb_column][\/et_pb_row][\/et_pb_section][et_pb_section admin_label=\"Section\" fullwidth=\"off\" specialty=\"off\" transparent_background=\"off\" allow_player_pause=\"off\" inner_shadow=\"off\" parallax=\"off\" parallax_method=\"off\" custom_padding=\"0px||0px|\" padding_mobile=\"on\" make_fullwidth=\"off\" use_custom_width=\"off\" width_unit=\"on\" make_equal=\"off\" use_custom_gutter=\"off\"][et_pb_row admin_label=\"Row\" make_fullwidth=\"on\" use_custom_width=\"off\" width_unit=\"on\" use_custom_gutter=\"on\" gutter_width=\"1\" padding_mobile=\"on\" allow_player_pause=\"off\" parallax=\"off\" parallax_method=\"off\" make_equal=\"off\" parallax_1=\"off\" parallax_method_1=\"off\" column_padding_mobile=\"on\" custom_padding=\"0px||0px|\"][et_pb_column type=\"4_4\"][et_pb_map admin_label=\"Map\" address=\"San Francisco, California, Stati Uniti\" zoom_level=\"14\" address_lat=\"37.77452423234226\" address_lng=\"-122.42045083267976\" mouse_wheel=\"off\" use_grayscale_filter=\"on\" grayscale_filter_amount=\"100\"]<\/p><p>[et_pb_map_pin pin_address=\"10 S Van Ness Ave, San Francisco, CA 94103, Stati Uniti\" pin_address_lat=\"37.77447156129669\" pin_address_lng=\"-122.41969444973756\"][\/et_pb_map_pin]<\/p><p>[\/et_pb_map][\/et_pb_column][\/et_pb_row][\/et_pb_section][et_pb_section admin_label=\"Section\" fullwidth=\"off\" specialty=\"off\" transparent_background=\"off\" allow_player_pause=\"off\" inner_shadow=\"off\" parallax=\"off\" parallax_method=\"off\" custom_padding=\"0px||0px|\" padding_mobile=\"on\" make_fullwidth=\"off\" use_custom_width=\"off\" width_unit=\"on\" make_equal=\"off\" use_custom_gutter=\"off\" background_color=\"#3c3d41\"][et_pb_row admin_label=\"Row\" make_fullwidth=\"on\" use_custom_width=\"off\" width_unit=\"on\" use_custom_gutter=\"off\" gutter_width=\"2\" padding_mobile=\"on\" allow_player_pause=\"off\" parallax=\"off\" parallax_method=\"off\" make_equal=\"off\" parallax_1=\"off\" parallax_method_1=\"off\" column_padding_mobile=\"on\" custom_padding=\"30px||30px|\" parallax_2=\"off\" parallax_method_2=\"off\" parallax_3=\"off\" parallax_method_3=\"off\"][et_pb_column type=\"1_2\"][et_pb_text admin_label=\"Text\" background_layout=\"light\" text_orientation=\"left\" text_font=\"Raleway|on|||\" text_font_size=\"28\" text_text_color=\"#ffffff\" text_line_height=\"1.4em\" use_border_color=\"off\" border_color=\"#ffffff\" border_style=\"solid\" custom_margin=\"||8px|\" custom_css_main_element=\"font-weight: 800;\"]<\/p><div style=\"display: inline;\">maker <span style=\"font-weight: normal; vertical-align: middle; color: #888; font-size: 14px;\"><em>Show me your catchy slogan!<\/em><\/span><\/div><p>[\/et_pb_text][\/et_pb_column][et_pb_column type=\"1_4\"][\/et_pb_column][et_pb_column type=\"1_4\"][et_pb_social_media_follow admin_label=\"Social Media Follow\" link_shape=\"circle\" background_layout=\"light\" url_new_window=\"off\" follow_button=\"off\" custom_css_main_element=\"float:right;\"]<\/p><p>[et_pb_social_media_follow_network social_network=\"facebook\" url=\"#\" skype_action=\"call\" bg_color=\"#3b5998\"]<\/p><p>facebook<\/p><p>[\/et_pb_social_media_follow_network][et_pb_social_media_follow_network social_network=\"twitter\" url=\"#\" skype_action=\"call\" bg_color=\"#00aced\"]<\/p><p>Twitter<\/p><p>[\/et_pb_social_media_follow_network][et_pb_social_media_follow_network social_network=\"google-plus\" url=\"#\" skype_action=\"call\" bg_color=\"#dd4b39\"]<\/p><p>Google+<\/p><p>[\/et_pb_social_media_follow_network][et_pb_social_media_follow_network social_network=\"pinterest\" url=\"#\" skype_action=\"call\" bg_color=\"#cb2027\"]<\/p><p>Pinterest<\/p><p>[\/et_pb_social_media_follow_network]<\/p><p>[\/et_pb_social_media_follow][\/et_pb_column][\/et_pb_row][\/et_pb_section]<\/p>","post_title":"Footer #1","post_excerpt":"","post_status":"publish","comment_status":"closed","ping_status":"closed","post_password":"","post_name":"footer-1","to_ping":"","pinged":"","post_modified":"2016-04-22 19:21:09","post_modified_gmt":"2016-04-22 17:21:09","post_content_filtered":"","post_parent":0,"menu_order":0,"post_type":"et_pb_layout","post_mime_type":"","comment_count":"0","filter":"raw","post_meta":{"_et_pb_built_for_post_type":["page"]},"terms":{"7":{"name":"layout","slug":"layout","taxonomy":"layout_type","parent":0,"description":""},"6":{"name":"not_global","slug":"not_global","taxonomy":"scope","parent":0,"description":""},"8":{"name":"regular","slug":"regular","taxonomy":"module_width","parent":0,"description":""}}}},"images":[]}