{"context":"et_builder_layouts","data":{"3904":{"ID":3904,"post_date":"2016-04-22 19:21:53","post_date_gmt":"2016-04-22 17:21:53","post_content":"<p>[et_pb_section admin_label=\"Section\" fullwidth=\"off\" specialty=\"off\" transparent_background=\"off\" allow_player_pause=\"off\" inner_shadow=\"off\" parallax=\"off\" parallax_method=\"off\" custom_padding=\"0px||0px|\" padding_mobile=\"on\" make_fullwidth=\"off\" use_custom_width=\"off\" width_unit=\"on\" make_equal=\"off\" use_custom_gutter=\"off\"][et_pb_row admin_label=\"Row\" make_fullwidth=\"on\" use_custom_width=\"off\" width_unit=\"on\" use_custom_gutter=\"on\" gutter_width=\"1\" padding_mobile=\"on\" allow_player_pause=\"off\" parallax=\"off\" parallax_method=\"off\" make_equal=\"off\" parallax_1=\"off\" parallax_method_1=\"off\" column_padding_mobile=\"on\" custom_padding=\"0px||0px|\"][et_pb_column type=\"4_4\"][et_pb_map admin_label=\"Map\" address=\"San Francisco, California, Stati Uniti\" zoom_level=\"10\" address_lat=\"37.77452423234229\" address_lng=\"-122.42045083267976\" mouse_wheel=\"off\" use_grayscale_filter=\"on\" grayscale_filter_amount=\"100\"]<\/p><p>[et_pb_map_pin pin_address=\"10 S Van Ness Ave, San Francisco, CA 94103, Stati Uniti\" pin_address_lat=\"37.77447156129669\" pin_address_lng=\"-122.41969444973756\"][\/et_pb_map_pin]<\/p><p>[\/et_pb_map][\/et_pb_column][\/et_pb_row][\/et_pb_section][et_pb_section admin_label=\"Section\" fullwidth=\"off\" specialty=\"off\" transparent_background=\"off\" allow_player_pause=\"off\" inner_shadow=\"off\" parallax=\"off\" parallax_method=\"off\" custom_padding=\"0px||0px|\" padding_mobile=\"on\" make_fullwidth=\"off\" use_custom_width=\"off\" width_unit=\"on\" make_equal=\"off\" use_custom_gutter=\"off\" background_color=\"#3c3d41\"][et_pb_row admin_label=\"Row\" make_fullwidth=\"on\" use_custom_width=\"off\" width_unit=\"on\" use_custom_gutter=\"off\" gutter_width=\"2\" padding_mobile=\"on\" allow_player_pause=\"off\" parallax=\"off\" parallax_method=\"off\" make_equal=\"off\" parallax_1=\"off\" parallax_method_1=\"off\" column_padding_mobile=\"on\" custom_padding=\"50px||30px|\" parallax_2=\"off\" parallax_method_2=\"off\" parallax_3=\"off\" parallax_method_3=\"off\"][et_pb_column type=\"4_4\"][et_pb_text admin_label=\"Text\" background_layout=\"light\" text_orientation=\"center\" text_font=\"Source Sans Pro||||\" text_font_size=\"18\" text_text_color=\"#ffffff\" text_line_height=\"2.2em\" use_border_color=\"off\" border_color=\"#ffffff\" border_style=\"solid\" custom_padding=\"0px|||\" custom_margin=\"||49px|\"]<\/p><p><span style=\"color: #ffffff; margin-right: 3%;\"><a style=\"color: #ffffff;\" href=\"#\">HOME<\/a><\/span> <span style=\"color: #ffffff; margin-right: 3%;\"><a style=\"color: #ffffff;\" href=\"#\">BLOG <\/a><\/span> <span style=\"color: #ffffff; margin-right: 3%;\"><a style=\"color: #ffffff;\" href=\"#\">PORTFOLIO<\/a><\/span> <span style=\"color: #ffffff; margin-right: 3%;\"><a style=\"color: #ffffff;\" href=\"#\">FEATURES<\/a><\/span> <span style=\"color: #ffffff; margin-right: 3%;\"><a style=\"color: #ffffff;\" href=\"#\">CONTACT<\/a><\/span><\/p><p>[\/et_pb_text][et_pb_divider admin_label=\"Divider\" color=\"#666666\" show_divider=\"on\" divider_style=\"solid\" divider_position=\"top\" hide_on_mobile=\"off\"]<\/p><p>[\/et_pb_divider][et_pb_text admin_label=\"Text\" background_layout=\"light\" text_orientation=\"center\" text_font=\"Source Sans Pro||||\" text_font_size=\"16\" text_text_color=\"#aaaaaa\" text_line_height=\"1.5em\" use_border_color=\"off\" border_color=\"#ffffff\" border_style=\"solid\" custom_padding=\"30px|||\" max_width=\"560px\" custom_margin=\"||30px|\" custom_margin_last_edited=\"on|tablet\" custom_margin_tablet=\"||10px|\"]<\/p><p>Maecenas eu placerat ante. Fusce ut neque justo, aliquet enim. In hac habitasse. Platea aumst. Nullam commodo au erat.<\/p><p>[\/et_pb_text][\/et_pb_column][\/et_pb_row][\/et_pb_section]<\/p>","post_title":"Footer #9","post_excerpt":"","post_status":"publish","comment_status":"closed","ping_status":"closed","post_password":"","post_name":"footer-9","to_ping":"","pinged":"","post_modified":"2016-04-22 19:21:53","post_modified_gmt":"2016-04-22 17:21:53","post_content_filtered":"","post_parent":0,"menu_order":0,"post_type":"et_pb_layout","post_mime_type":"","comment_count":"0","filter":"raw","post_meta":{"_et_pb_built_for_post_type":["page"]},"terms":{"7":{"name":"layout","slug":"layout","taxonomy":"layout_type","parent":0,"description":""},"6":{"name":"not_global","slug":"not_global","taxonomy":"scope","parent":0,"description":""},"8":{"name":"regular","slug":"regular","taxonomy":"module_width","parent":0,"description":""}}}},"images":[]}