{"context":"et_divi_mods","data":{"2_5_flush_rewrite_rules":"done","divi_2_4_documentation_message":"triggered","divi_1_3_images":"checked","show_search_icon":"","primary_nav_font_spacing":"1","primary_nav_font":"Montserrat","primary_nav_bg":"rgba(255,255,255,0)","menu_height":"70","accent_color":"#ffffff","body_font_size":"18","body_font_height":"1.4","body_header_size":"30","body_header_spacing":"1","heading_font":"Montserrat","body_font":"PT Sans","link_color":"#2e71f2","font_color":"#656b6f","header_color":"#3c3d41","menu_link_active":"#2e71f2","primary_nav_dropdown_line_color":"#2e71f2","minimized_menu_height":"38","fixed_primary_nav_font_size":"12","fixed_primary_nav_bg":"rgba(45,45,45,0.9)","fixed_secondary_nav_bg":"#2e71f2","fixed_menu_link_active":"#2e71f2","color_schemes":"none","all_buttons_font_size":"18","all_buttons_spacing":"1","all_buttons_font":"PT Sans","all_buttons_icon":"no","header_style":"fullscreen","vertical_nav":false,"vertical_nav_orientation":"left","logo_height":"52","secondary_nav_bg":"#ffffff","secondary_nav_dropdown_bg":"#2e71f2","menu_link":"#ffffff","primary_nav_font_size":"12","primary_nav_font_style":"","secondary_nav_font_size":"15","secondary_nav_font":"PT Sans","secondary_nav_text_color_new":"#656b6f","secondary_nav_font_spacing":"1","body_header_style":"bold","show_header_social_icons":"","secondary_nav_dropdown_link_color":"#656b6f","footer_widget_text_color":"#656b6f","footer_widget_link_color":"#878787","footer_widget_header_color":"#878787","footer_widget_bullet_color":"#878787","footer_menu_active_link_color":"#878787","footer_menu_letter_spacing":"1","bottom_bar_text_color":"#878787","all_buttons_bg_color":"#2e71f2","all_buttons_border_color":"#2e71f2","all_buttons_border_radius":"30","all_buttons_text_color_hover":"#2e71f2","all_buttons_bg_color_hover":"#ffffff","all_buttons_border_color_hover":"#2e71f2","all_buttons_border_radius_hover":"30","all_buttons_spacing_hover":"2","primary_nav_dropdown_bg":"#ffffff","primary_nav_dropdown_link_color":"#a3a3a3","primary_nav_dropdown_animation":"expand","slide_nav_font_spacing":"1","slide_nav_font":"Lora","slide_nav_font_style":"bold","slide_nav_bg":"rgba(0,0,0,0.9)","show_footer_social_icons":"","footer_menu_text_color":"#878787","bottom_bar_font_style":"","bottom_bar_font_size":"13"},"images":[]}