{"context":"et_builder_layouts","data":{"25015":{"ID":25015,"post_date":"2016-08-12 21:59:03","post_date_gmt":"2016-08-12 21:59:03","post_content":"[et_pb_section admin_label=\"Footer 2\" fullwidth=\"off\" specialty=\"off\" transparent_background=\"off\" allow_player_pause=\"off\" inner_shadow=\"off\" parallax=\"off\" parallax_method=\"off\" padding_mobile=\"on\" make_fullwidth=\"off\" use_custom_width=\"off\" width_unit=\"on\" make_equal=\"off\" use_custom_gutter=\"off\" background_color=\"#172033\" custom_padding=\"30px||30px|\" module_class=\"footer_custom\" template_type=\"section\"][et_pb_row admin_label=\"Row\" make_fullwidth=\"off\" use_custom_width=\"off\" width_unit=\"on\" use_custom_gutter=\"off\" custom_padding=\"||3%|\" padding_mobile=\"off\" allow_player_pause=\"off\" parallax=\"off\" parallax_method=\"off\" make_equal=\"off\" parallax_1=\"off\" parallax_method_1=\"off\" parallax_2=\"off\" parallax_method_2=\"off\" parallax_3=\"off\" parallax_method_3=\"off\" parallax_4=\"off\" parallax_method_4=\"off\" column_padding_mobile=\"on\" disabled=\"off\" disabled_on=\"on|on|\" padding_top_2=\"7%\" padding_bottom_2=\"7%\" padding_left_2=\"5%\" padding_top_3=\"7%\" padding_bottom_3=\"7%\" padding_left_3=\"5%\" padding_top_4=\"7%\" padding_bottom_4=\"7%\" padding_left_4=\"5%\" custom_css_main_2=\"border-left: 1px solid #56617f;\" custom_css_main_3=\"border-left: 1px solid #56617f;\" custom_css_main_4=\"border-left: 1px solid #56617f;\" module_class=\"row_custom_footer\"][et_pb_column type=\"1_4\"][et_pb_text admin_label=\"LOGO\" background_layout=\"light\" text_orientation=\"left\" text_font=\"Montserrat|||on|\" text_font_size=\"27\" text_font_size_phone=\"25\" text_font_size_last_edited=\"off|phone\" text_text_color=\"#fcfcfc\" text_letter_spacing=\"1px\" text_line_height=\"1.1em\" use_border_color=\"off\" border_color=\"#ffffff\" border_style=\"solid\" custom_margin=\"33%||5%|\" custom_margin_last_edited=\"off|phone\" custom_margin_tablet=\"15%||2%|\" custom_margin_phone=\"10%||2%|\"]\n\n<p>CREATIVE<br \/> <span style=\"color: #4e74ff;\"><strong>FREEBIES<\/strong><\/span><\/p>\n\n[\/et_pb_text][et_pb_text admin_label=\"Text\" background_layout=\"dark\" text_orientation=\"left\" text_font=\"Lato||||\" text_font_size_last_edited=\"off|phone\" text_text_color=\"#56617f\" text_letter_spacing=\"1px\" text_line_height=\"1.4em\" use_border_color=\"off\" border_color=\"#ffffff\" border_style=\"solid\" custom_margin=\"||2%|\" text_font_size=\"16\" text_font_size_phone=\"15\" module_class=\"footer-module\"]\n\n<p>Pellentesque in ipsum id orci porta dapibus. Praesent sapien massa convallis.<\/p>\n\n[\/et_pb_text][\/et_pb_column][et_pb_column type=\"1_4\"][et_pb_blurb admin_label=\"MAIL\" title=\"MAIL\" url_new_window=\"off\" use_icon=\"on\" font_icon=\"%%153%%\" icon_color=\"#4e74ff\" use_circle=\"off\" circle_color=\"#7EBEC5\" use_circle_border=\"off\" circle_border_color=\"#7EBEC5\" icon_placement=\"top\" animation=\"bottom\" background_layout=\"dark\" text_orientation=\"center\" use_icon_font_size=\"on\" icon_font_size=\"55px\" icon_font_size_tablet=\"50px\" icon_font_size_phone=\"45px\" icon_font_size_last_edited=\"on|phone\" header_font=\"Montserrat|on||on|\" header_font_size=\"17\" header_text_color=\"#4e74ff\" header_line_height=\"1.1em\" body_font=\"Lato||||\" body_font_size=\"16\" body_text_color=\"#56617f\" body_letter_spacing=\"1px\" body_line_height=\"1.4em\" use_border_color=\"off\" border_color=\"#ffffff\" border_style=\"solid\" custom_margin=\"||2%|\"]\n\n<p>info@yourmail.com<\/p>\n\n[\/et_pb_blurb][\/et_pb_column][et_pb_column type=\"1_4\"][et_pb_blurb admin_label=\"CALL\" title=\"CALL\" url_new_window=\"off\" use_icon=\"on\" font_icon=\"%%264%%\" icon_color=\"#4e74ff\" use_circle=\"off\" circle_color=\"#7EBEC5\" use_circle_border=\"off\" circle_border_color=\"#7EBEC5\" icon_placement=\"top\" animation=\"bottom\" background_layout=\"dark\" text_orientation=\"center\" use_icon_font_size=\"on\" icon_font_size=\"55px\" icon_font_size_tablet=\"50px\" icon_font_size_phone=\"45px\" icon_font_size_last_edited=\"off|phone\" header_font=\"Montserrat|on||on|\" header_font_size=\"17\" header_text_color=\"#4e74ff\" header_line_height=\"1.1em\" body_font=\"Lato||||\" body_font_size=\"16\" body_text_color=\"#56617f\" body_letter_spacing=\"1px\" body_line_height=\"1.4em\" use_border_color=\"off\" border_color=\"#ffffff\" border_style=\"solid\" custom_margin=\"||2%|\"]\n\n<p>+435 760894<\/p>\n\n[\/et_pb_blurb][\/et_pb_column][et_pb_column type=\"1_4\"][et_pb_blurb admin_label=\"FIND US\" title=\"FIND US\" url_new_window=\"off\" use_icon=\"on\" font_icon=\"%%122%%\" icon_color=\"#4e74ff\" use_circle=\"off\" circle_color=\"#7EBEC5\" use_circle_border=\"off\" circle_border_color=\"#7EBEC5\" icon_placement=\"top\" animation=\"bottom\" background_layout=\"dark\" text_orientation=\"center\" use_icon_font_size=\"on\" icon_font_size=\"55px\" icon_font_size_tablet=\"50px\" icon_font_size_phone=\"45px\" icon_font_size_last_edited=\"off|phone\" header_font=\"Montserrat|on||on|\" header_font_size=\"17\" header_text_color=\"#4e74ff\" header_line_height=\"1.1em\" body_font=\"Lato||||\" body_font_size=\"16\" body_text_color=\"#56617f\" body_letter_spacing=\"1px\" body_line_height=\"1.4em\" use_border_color=\"off\" border_color=\"#ffffff\" border_style=\"solid\" custom_margin=\"||2%|\"]\n\n<p>Menlo Park, CA<\/p>\n\n[\/et_pb_blurb][\/et_pb_column][\/et_pb_row][et_pb_row admin_label=\"Row (Row visible only mobile)\" make_fullwidth=\"off\" use_custom_width=\"off\" width_unit=\"on\" use_custom_gutter=\"off\" custom_padding=\"||3%|\" padding_mobile=\"off\" allow_player_pause=\"off\" parallax=\"off\" parallax_method=\"off\" make_equal=\"off\" parallax_1=\"off\" parallax_method_1=\"off\" parallax_2=\"off\" parallax_method_2=\"off\" parallax_3=\"off\" parallax_method_3=\"off\" parallax_4=\"off\" parallax_method_4=\"off\" column_padding_mobile=\"off\" disabled=\"off\" disabled_on=\"off|off|on\" module_class=\"row_custom_footer\"][et_pb_column type=\"1_4\"][et_pb_text admin_label=\"LOGO (Row visible only mobile)\" background_layout=\"light\" text_orientation=\"left\" text_font=\"Montserrat|||on|\" text_font_size=\"27\" text_font_size_phone=\"25\" text_font_size_last_edited=\"off|phone\" text_text_color=\"#fcfcfc\" text_letter_spacing=\"1px\" text_line_height=\"1.1em\" use_border_color=\"off\" border_color=\"#ffffff\" border_style=\"solid\" custom_margin=\"18%||5%|\" custom_margin_last_edited=\"off|phone\" custom_margin_tablet=\"15%||2%|\" custom_margin_phone=\"10%||2%|\"]\n\n<p>CREATIVE<br \/> <span style=\"color: #4e74ff;\"><strong>FREEBIES<\/strong><\/span><\/p>\n\n[\/et_pb_text][et_pb_text admin_label=\"Text (Row visible only mobile)\" background_layout=\"dark\" text_orientation=\"left\" text_font=\"Lato||||\" text_font_size_last_edited=\"off|phone\" text_text_color=\"#56617f\" text_letter_spacing=\"1px\" text_line_height=\"1.4em\" use_border_color=\"off\" border_color=\"#ffffff\" border_style=\"solid\" custom_margin=\"||2%|\" text_font_size=\"16\" text_font_size_phone=\"15\" module_class=\"footer-module\"]\n\n<p>Pellentesque in ipsum id orci porta dapibus. Praesent sapien massa convallis.<\/p>\n\n[\/et_pb_text][\/et_pb_column][et_pb_column type=\"1_4\"][et_pb_blurb admin_label=\"MAIL (Row visible only mobile)\" title=\"MAIL\" url_new_window=\"off\" use_icon=\"on\" font_icon=\"%%153%%\" icon_color=\"#4e74ff\" use_circle=\"off\" circle_color=\"#7EBEC5\" use_circle_border=\"off\" circle_border_color=\"#7EBEC5\" icon_placement=\"top\" animation=\"bottom\" background_layout=\"dark\" text_orientation=\"center\" use_icon_font_size=\"on\" icon_font_size=\"55px\" icon_font_size_tablet=\"50px\" icon_font_size_phone=\"40px\" icon_font_size_last_edited=\"on|phone\" header_font=\"Montserrat|on||on|\" header_font_size=\"17\" header_text_color=\"#4e74ff\" header_line_height=\"1.1em\" body_font=\"Lato||||\" body_font_size=\"16\" body_text_color=\"#56617f\" body_letter_spacing=\"1px\" body_line_height=\"1.4em\" use_border_color=\"off\" border_color=\"#ffffff\" border_style=\"solid\" custom_margin=\"25%||2%|\"]\n\n<p>info@yourmail.com<\/p>\n\n[\/et_pb_blurb][\/et_pb_column][et_pb_column type=\"1_4\"][et_pb_blurb admin_label=\"CALL (Row visible only mobile)\" title=\"CALL\" url_new_window=\"off\" use_icon=\"on\" font_icon=\"%%264%%\" icon_color=\"#4e74ff\" use_circle=\"off\" circle_color=\"#7EBEC5\" use_circle_border=\"off\" circle_border_color=\"#7EBEC5\" icon_placement=\"top\" animation=\"bottom\" background_layout=\"dark\" text_orientation=\"center\" use_icon_font_size=\"on\" icon_font_size=\"55px\" icon_font_size_tablet=\"50px\" icon_font_size_phone=\"40px\" icon_font_size_last_edited=\"off|phone\" header_font=\"Montserrat|on||on|\" header_font_size=\"17\" header_text_color=\"#4e74ff\" header_line_height=\"1.1em\" body_font=\"Lato||||\" body_font_size=\"16\" body_text_color=\"#56617f\" body_letter_spacing=\"1px\" body_line_height=\"1.4em\" use_border_color=\"off\" border_color=\"#ffffff\" border_style=\"solid\" custom_margin=\"||2%|\"]\n\n<p>+435 760894<\/p>\n\n[\/et_pb_blurb][\/et_pb_column][et_pb_column type=\"1_4\"][et_pb_blurb admin_label=\"FIND US (Row visible only mobile)\" title=\"FIND US\" url_new_window=\"off\" use_icon=\"on\" font_icon=\"%%122%%\" icon_color=\"#4e74ff\" use_circle=\"off\" circle_color=\"#7EBEC5\" use_circle_border=\"off\" circle_border_color=\"#7EBEC5\" icon_placement=\"top\" animation=\"bottom\" background_layout=\"dark\" text_orientation=\"center\" use_icon_font_size=\"on\" icon_font_size=\"55px\" icon_font_size_tablet=\"50px\" icon_font_size_phone=\"40px\" icon_font_size_last_edited=\"off|phone\" header_font=\"Montserrat|on||on|\" header_font_size=\"17\" header_text_color=\"#4e74ff\" header_line_height=\"1.1em\" body_font=\"Lato||||\" body_font_size=\"16\" body_text_color=\"#56617f\" body_letter_spacing=\"1px\" body_line_height=\"1.4em\" use_border_color=\"off\" border_color=\"#ffffff\" border_style=\"solid\" custom_margin=\"||2%|\"]\n\n<p>Menlo Park, CA<\/p>\n\n[\/et_pb_blurb][\/et_pb_column][\/et_pb_row][\/et_pb_section]","post_title":"Footer Custom 2 (CCT)","post_excerpt":"","post_status":"publish","comment_status":"closed","ping_status":"closed","post_password":"","post_name":"footer-custom-2","to_ping":"","pinged":"","post_modified":"2016-08-12 21:59:26","post_modified_gmt":"2016-08-12 21:59:26","post_content_filtered":"","post_parent":0,"menu_order":0,"post_type":"et_pb_layout","post_mime_type":"","comment_count":"0","filter":"raw","post_meta":{"_et_pb_built_for_post_type":["page"]},"terms":{"20":{"name":"Footer","slug":"footer","taxonomy":"layout_category","parent":0,"description":""},"21":{"name":"global","slug":"global","taxonomy":"scope","parent":0,"description":""},"8":{"name":"regular","slug":"regular","taxonomy":"module_width","parent":0,"description":""},"9":{"name":"section","slug":"section","taxonomy":"layout_type","parent":0,"description":""}}}},"images":[]}