{"context":"et_builder_layouts","data":{"24872":{"ID":24872,"post_date":"2016-07-23 07:57:38","post_date_gmt":"2016-07-23 07:57:38","post_content":"[et_pb_section admin_label=\"Blog Magazine Style 3\" fullwidth=\"off\" specialty=\"off\" transparent_background=\"off\" allow_player_pause=\"off\" inner_shadow=\"off\" parallax=\"off\" parallax_method=\"off\" padding_mobile=\"on\" make_fullwidth=\"off\" use_custom_width=\"off\" width_unit=\"on\" make_equal=\"off\" use_custom_gutter=\"off\" background_color=\"#ffffff\" custom_padding=\"0px|||\" template_type=\"section\"][et_pb_row admin_label=\"Row\" make_fullwidth=\"off\" use_custom_width=\"off\" width_unit=\"on\" use_custom_gutter=\"off\" gutter_width=\"1\" custom_padding=\"0px||0px|\" padding_mobile=\"on\" allow_player_pause=\"off\" parallax=\"off\" parallax_method=\"off\" make_equal=\"off\" parallax_1=\"off\" parallax_method_1=\"off\" parallax_2=\"off\" parallax_method_2=\"off\" column_padding_mobile=\"on\" background_color_1=\"#ffffff\" custom_padding_tablet=\"0px|||\" custom_padding_last_edited=\"off|tablet\"][et_pb_column type=\"4_4\"][et_pb_text admin_label=\"Blog Magazine style 3\" background_layout=\"light\" text_orientation=\"center\" text_font=\"Roboto Light||||\" text_font_size=\"56\" text_text_color=\"#262e32\" use_border_color=\"off\" border_color=\"#ffffff\" border_style=\"solid\" text_line_height=\"1.2em\" custom_css_main_element=\"font-weight: 300;\" text_font_size_tablet=\"50\" text_font_size_phone=\"28\" text_font_size_last_edited=\"off|phone\" custom_padding=\"0px|||\"]\n\nBlog Magazine style 3\n\n[\/et_pb_text][et_pb_divider admin_label=\"Divider\" color=\"#d8d8d8\" show_divider=\"on\" divider_style=\"solid\" divider_position=\"top\" hide_on_mobile=\"off\"]\n\n\n\n[\/et_pb_divider][\/et_pb_column][\/et_pb_row][et_pb_row admin_label=\"Row\" make_fullwidth=\"on\" use_custom_width=\"off\" width_unit=\"on\" use_custom_gutter=\"on\" gutter_width=\"1\" custom_padding=\"0px|10px|0px|10px\" padding_mobile=\"on\" allow_player_pause=\"off\" parallax=\"off\" parallax_method=\"off\" make_equal=\"on\" parallax_1=\"off\" parallax_method_1=\"off\" parallax_2=\"off\" parallax_method_2=\"off\" parallax_3=\"off\" parallax_method_3=\"off\" column_padding_mobile=\"on\" module_class=\"column_custom_post\" padding_right_1=\"10px\" padding_left_1=\"0px\" padding_right_2=\"10px\" padding_right_3=\"10px\" padding_1_tablet=\"|0px||0px\" padding_1_last_edited=\"off|phone\" padding_2_tablet=\"|0px||\" padding_2_last_edited=\"off|phone\" padding_3_tablet=\"|0px||\" padding_3_last_edited=\"off|desktop\"][et_pb_column type=\"1_3\"][et_pb_post_slider admin_label=\"Post Slider\" posts_number=\"1\" orderby=\"date_desc\" show_arrows=\"on\" show_pagination=\"on\" show_more_button=\"on\" more_text=\"Read More\" content_source=\"off\" use_manual_excerpt=\"on\" excerpt_length=\"0\" show_meta=\"on\" background_layout=\"dark\" show_image=\"on\" image_placement=\"background\" parallax=\"off\" parallax_method=\"off\" use_bg_overlay=\"on\" bg_overlay_color=\"rgba(61,61,61,0.45)\" use_text_overlay=\"on\" text_overlay_color=\"#ffffff\" remove_inner_shadow=\"on\" background_position=\"default\" background_size=\"contain\" auto=\"off\" auto_speed=\"8000\" auto_ignore_hover=\"off\" hide_content_on_mobile=\"off\" hide_cta_on_mobile=\"off\" show_image_video_mobile=\"off\" arrows_custom_color=\"#ffffff\" dot_nav_custom_color=\"#ffffff\" header_font=\"Roboto|on|||\" header_font_size=\"32\" header_text_color=\"#ffffff\" header_line_height=\"1.2em\" meta_font=\"Roboto|on|||\" meta_font_size=\"14px\" meta_text_color=\"#ffffff\" meta_letter_spacing=\"0\" meta_line_height=\"1.1em\" custom_button=\"on\" button_text_color=\"#ffffff\" button_bg_color=\"rgba(255,255,255,0)\" button_use_icon=\"on\" button_icon=\"%%3%%\" button_icon_color=\"#ffffff\" button_icon_placement=\"right\" button_on_hover=\"off\" button_text_color_hover=\"#f2f2f2\" button_bg_color_hover=\"rgba(255,255,255,0)\" module_class=\"post_slider_square\" custom_css_main_element=\"padding: 0px !important;\" button_text_size=\"18\" button_border_width=\"0\" button_border_radius=\"0\" button_font=\"Roboto||||\" button_border_radius_hover=\"0\" include_categories=\"3\" button_letter_spacing=\"1\" button_letter_spacing_hover=\"2\"]\n\n\n\n[\/et_pb_post_slider][\/et_pb_column][et_pb_column type=\"1_3\"][et_pb_post_slider admin_label=\"Post Slider\" posts_number=\"1\" orderby=\"date_desc\" show_arrows=\"on\" show_pagination=\"on\" show_more_button=\"on\" more_text=\"Read More\" content_source=\"off\" use_manual_excerpt=\"on\" excerpt_length=\"0\" show_meta=\"on\" background_layout=\"dark\" show_image=\"on\" image_placement=\"background\" parallax=\"off\" parallax_method=\"off\" use_bg_overlay=\"on\" bg_overlay_color=\"rgba(61,61,61,0.45)\" use_text_overlay=\"on\" text_overlay_color=\"#ffffff\" remove_inner_shadow=\"on\" background_position=\"default\" background_size=\"contain\" auto=\"off\" auto_speed=\"8000\" auto_ignore_hover=\"off\" hide_content_on_mobile=\"off\" hide_cta_on_mobile=\"off\" show_image_video_mobile=\"off\" arrows_custom_color=\"#ffffff\" dot_nav_custom_color=\"#ffffff\" header_font=\"Roboto|on|||\" header_font_size=\"32\" header_text_color=\"#ffffff\" header_line_height=\"1.2em\" meta_font=\"Roboto|on|||\" meta_font_size=\"14px\" meta_text_color=\"#ffffff\" meta_letter_spacing=\"0\" meta_line_height=\"1.1em\" custom_button=\"on\" button_text_color=\"#ffffff\" button_bg_color=\"rgba(255,255,255,0)\" button_use_icon=\"on\" button_icon=\"%%3%%\" button_icon_color=\"#ffffff\" button_icon_placement=\"right\" button_on_hover=\"off\" button_text_color_hover=\"#f2f2f2\" button_bg_color_hover=\"rgba(255,255,255,0)\" module_class=\"post_slider_square\" custom_css_main_element=\"padding: 0px !important;\" button_text_size=\"17\" button_border_width=\"0\" button_border_radius=\"0\" button_font=\"Roboto||||\" button_border_radius_hover=\"0\" include_categories=\"17\" button_letter_spacing=\"1\" button_letter_spacing_hover=\"2\"]\n\n\n\n[\/et_pb_post_slider][\/et_pb_column][et_pb_column type=\"1_3\"][et_pb_post_slider admin_label=\"Post Slider\" posts_number=\"1\" orderby=\"date_desc\" show_arrows=\"on\" show_pagination=\"on\" show_more_button=\"on\" more_text=\"Read More\" content_source=\"off\" use_manual_excerpt=\"on\" excerpt_length=\"0\" show_meta=\"on\" background_layout=\"dark\" show_image=\"on\" image_placement=\"background\" parallax=\"off\" parallax_method=\"off\" use_bg_overlay=\"on\" bg_overlay_color=\"rgba(61,61,61,0.45)\" use_text_overlay=\"on\" text_overlay_color=\"#ffffff\" remove_inner_shadow=\"on\" background_position=\"default\" background_size=\"contain\" auto=\"off\" auto_speed=\"8000\" auto_ignore_hover=\"off\" hide_content_on_mobile=\"off\" hide_cta_on_mobile=\"off\" show_image_video_mobile=\"off\" arrows_custom_color=\"#ffffff\" dot_nav_custom_color=\"#ffffff\" header_font=\"Roboto|on|||\" header_font_size=\"32\" header_text_color=\"#ffffff\" header_line_height=\"1.2em\" meta_font=\"Roboto|on|||\" meta_font_size=\"14px\" meta_text_color=\"#ffffff\" meta_letter_spacing=\"0\" meta_line_height=\"1.1em\" custom_button=\"on\" button_text_color=\"#ffffff\" button_bg_color=\"rgba(255,255,255,0)\" button_use_icon=\"on\" button_icon=\"%%3%%\" button_icon_color=\"#ffffff\" button_icon_placement=\"right\" button_on_hover=\"off\" button_text_color_hover=\"#f2f2f2\" button_bg_color_hover=\"rgba(255,255,255,0)\" module_class=\"post_slider_square\" custom_css_main_element=\"padding: 0px !important;\" button_text_size=\"17\" button_border_width=\"0\" button_border_radius=\"0\" button_font=\"Roboto||||\" button_border_radius_hover=\"0\" include_categories=\"4\" button_letter_spacing=\"1\" button_letter_spacing_hover=\"2\"]\n\n\n\n[\/et_pb_post_slider][\/et_pb_column][\/et_pb_row][\/et_pb_section]","post_title":"Blog Magazine Style 3","post_excerpt":"","post_status":"publish","comment_status":"closed","ping_status":"closed","post_password":"","post_name":"blog-magazine-style-3","to_ping":"","pinged":"","post_modified":"2016-07-23 07:57:38","post_modified_gmt":"2016-07-23 07:57:38","post_content_filtered":"","post_parent":0,"menu_order":0,"post_type":"et_pb_layout","post_mime_type":"","comment_count":"0","filter":"raw","post_meta":{"_et_pb_built_for_post_type":["page"]},"terms":{"7":{"name":"not_global","slug":"not_global","taxonomy":"scope","parent":0,"description":""},"8":{"name":"regular","slug":"regular","taxonomy":"module_width","parent":0,"description":""},"9":{"name":"section","slug":"section","taxonomy":"layout_type","parent":0,"description":""},"10":{"name":"Section","slug":"section","taxonomy":"layout_category","parent":0,"description":""}}},"24871":{"ID":24871,"post_date":"2016-07-23 07:57:23","post_date_gmt":"2016-07-23 07:57:23","post_content":"[et_pb_section admin_label=\"Blog Magazine Style 2\" fullwidth=\"off\" specialty=\"off\" transparent_background=\"off\" allow_player_pause=\"off\" inner_shadow=\"off\" parallax=\"off\" parallax_method=\"off\" padding_mobile=\"on\" make_fullwidth=\"off\" use_custom_width=\"off\" width_unit=\"on\" make_equal=\"off\" use_custom_gutter=\"off\" background_color=\"#ffffff\" custom_padding=\"0px|||\" template_type=\"section\"][et_pb_row admin_label=\"Row\" make_fullwidth=\"off\" use_custom_width=\"off\" width_unit=\"on\" use_custom_gutter=\"off\" gutter_width=\"1\" custom_padding=\"0px||0px|\" padding_mobile=\"on\" allow_player_pause=\"off\" parallax=\"off\" parallax_method=\"off\" make_equal=\"off\" parallax_1=\"off\" parallax_method_1=\"off\" parallax_2=\"off\" parallax_method_2=\"off\" column_padding_mobile=\"on\" background_color_1=\"#ffffff\" custom_padding_tablet=\"0px|||\" custom_padding_last_edited=\"off|tablet\"][et_pb_column type=\"4_4\"][et_pb_text admin_label=\"Blog Magazine style 2\" background_layout=\"light\" text_orientation=\"center\" text_font=\"Roboto Light||||\" text_font_size=\"56\" text_text_color=\"#262e32\" use_border_color=\"off\" border_color=\"#ffffff\" border_style=\"solid\" text_line_height=\"1.2em\" custom_css_main_element=\"font-weight: 300;\" text_font_size_tablet=\"50\" text_font_size_phone=\"28\" text_font_size_last_edited=\"off|phone\" custom_padding=\"0px|||\"]\n\nBlog Magazine style 2\n\n[\/et_pb_text][et_pb_divider admin_label=\"Divider\" color=\"#d8d8d8\" show_divider=\"on\" divider_style=\"solid\" divider_position=\"top\" hide_on_mobile=\"off\"]\n\n\n\n[\/et_pb_divider][\/et_pb_column][\/et_pb_row][et_pb_row admin_label=\"Row\" make_fullwidth=\"on\" use_custom_width=\"off\" width_unit=\"on\" use_custom_gutter=\"on\" gutter_width=\"1\" custom_padding=\"0px|10px|0px|10px\" padding_mobile=\"on\" allow_player_pause=\"off\" parallax=\"off\" parallax_method=\"off\" make_equal=\"on\" parallax_1=\"off\" parallax_method_1=\"off\" parallax_2=\"off\" parallax_method_2=\"off\" parallax_3=\"off\" parallax_method_3=\"off\" column_padding_mobile=\"on\" module_class=\"column_custom_post\" padding_right_2=\"10px\" padding_left_2=\"10px\" padding_2_phone=\"|0px||0px\" padding_2_last_edited=\"on|phone\" padding_right_3=\"0px\" padding_3_tablet=\"|10px||\" padding_3_phone=\"|0px||\" padding_3_last_edited=\"off|tablet\" padding_2_tablet=\"|10px||0px\"][et_pb_column type=\"1_2\"][et_pb_post_slider admin_label=\"Post Slider\" posts_number=\"3\" include_categories=\"3,17,4,5\" orderby=\"date_desc\" show_arrows=\"on\" show_pagination=\"on\" show_more_button=\"on\" more_text=\"Read More\" content_source=\"off\" use_manual_excerpt=\"on\" excerpt_length=\"0\" show_meta=\"on\" background_layout=\"dark\" show_image=\"on\" image_placement=\"background\" parallax=\"off\" parallax_method=\"off\" use_bg_overlay=\"on\" bg_overlay_color=\"rgba(61,61,61,0.45)\" use_text_overlay=\"on\" text_overlay_color=\"#ffffff\" remove_inner_shadow=\"on\" background_position=\"default\" background_size=\"contain\" auto=\"off\" auto_speed=\"8000\" auto_ignore_hover=\"off\" hide_content_on_mobile=\"off\" hide_cta_on_mobile=\"off\" show_image_video_mobile=\"off\" arrows_custom_color=\"#ffffff\" dot_nav_custom_color=\"#ffffff\" header_font=\"Roboto|on|||\" header_font_size=\"32\" header_text_color=\"#ffffff\" header_line_height=\"1.2em\" meta_font=\"Roboto|on|||\" meta_font_size=\"14px\" meta_text_color=\"#ffffff\" meta_letter_spacing=\"0\" meta_line_height=\"1.1em\" custom_button=\"on\" button_text_color=\"#ffffff\" button_bg_color=\"rgba(255,255,255,0)\" button_letter_spacing=\"1\" button_use_icon=\"on\" button_icon=\"%%3%%\" button_icon_color=\"#ffffff\" button_icon_placement=\"right\" button_on_hover=\"off\" button_text_color_hover=\"#f2f2f2\" button_bg_color_hover=\"rgba(255,255,255,0)\" button_letter_spacing_hover=\"2\" module_class=\"post_slider_big height_custom\" custom_css_main_element=\"padding: 0px !important;\" button_text_size=\"16\" button_border_width=\"0\" button_border_radius=\"0\" button_font=\"Roboto||||\" button_border_radius_hover=\"0\"]\n\n\n\n[\/et_pb_post_slider][\/et_pb_column][et_pb_column type=\"1_4\"][et_pb_divider admin_label=\"Space-Divider\" color=\"#ffffff\" show_divider=\"off\" height=\"10\" divider_style=\"solid\" divider_position=\"top\" hide_on_mobile=\"off\" disabled_on=\"||on\" disabled=\"off\"]\n\n\n\n[\/et_pb_divider][et_pb_post_slider admin_label=\"Post Slider\" posts_number=\"1\" include_categories=\"3\" orderby=\"date_desc\" show_arrows=\"on\" show_pagination=\"on\" show_more_button=\"on\" more_text=\"Read More\" content_source=\"off\" use_manual_excerpt=\"on\" excerpt_length=\"0\" show_meta=\"off\" background_layout=\"dark\" show_image=\"on\" image_placement=\"background\" parallax=\"off\" parallax_method=\"off\" use_bg_overlay=\"on\" bg_overlay_color=\"rgba(61,61,61,0.45)\" use_text_overlay=\"on\" text_overlay_color=\"#ffffff\" remove_inner_shadow=\"on\" background_position=\"default\" background_size=\"contain\" auto=\"off\" auto_speed=\"8000\" auto_ignore_hover=\"off\" top_padding=\"0px\" bottom_padding=\"0px\" hide_content_on_mobile=\"off\" hide_cta_on_mobile=\"off\" show_image_video_mobile=\"off\" arrows_custom_color=\"#ffffff\" dot_nav_custom_color=\"#ffffff\" header_font=\"Roboto|on|||\" header_font_size=\"22\" header_text_color=\"#ffffff\" header_line_height=\"1.2em\" meta_font=\"Roboto|on|||\" meta_font_size=\"14px\" meta_text_color=\"#ffffff\" meta_letter_spacing=\"1\" meta_line_height=\"1.1em\" custom_button=\"on\" button_text_color=\"#ffffff\" button_bg_color=\"rgba(255,255,255,0)\" button_letter_spacing=\"0\" button_use_icon=\"on\" button_icon=\"%%3%%\" button_icon_color=\"#ffffff\" button_icon_placement=\"right\" button_on_hover=\"off\" button_text_color_hover=\"#f4f4f4\" button_letter_spacing_hover=\"2\" module_class=\"post_slider_small\" custom_css_slide_title=\"text-align: left;\" header_letter_spacing=\"1px\" button_text_size=\"14\" button_border_width=\"0\" button_border_radius=\"0\" button_font=\"Roboto|on|||\" button_border_radius_hover=\"0\"]\n\n\n\n[\/et_pb_post_slider][et_pb_divider admin_label=\"Space-Divider\" color=\"#ffffff\" show_divider=\"off\" height=\"10\" divider_style=\"solid\" divider_position=\"top\" hide_on_mobile=\"off\"]\n\n\n\n[\/et_pb_divider][et_pb_post_slider admin_label=\"Post Slider\" posts_number=\"1\" include_categories=\"17\" orderby=\"date_desc\" show_arrows=\"on\" show_pagination=\"on\" show_more_button=\"on\" more_text=\"Read More\" content_source=\"off\" use_manual_excerpt=\"on\" excerpt_length=\"0\" show_meta=\"off\" background_layout=\"dark\" show_image=\"on\" image_placement=\"background\" parallax=\"off\" parallax_method=\"off\" use_bg_overlay=\"on\" bg_overlay_color=\"rgba(61,61,61,0.45)\" use_text_overlay=\"on\" text_overlay_color=\"#ffffff\" remove_inner_shadow=\"on\" background_position=\"default\" background_size=\"contain\" auto=\"off\" auto_speed=\"8000\" auto_ignore_hover=\"off\" top_padding=\"0px\" bottom_padding=\"0px\" hide_content_on_mobile=\"off\" hide_cta_on_mobile=\"off\" show_image_video_mobile=\"off\" arrows_custom_color=\"#ffffff\" dot_nav_custom_color=\"#ffffff\" header_font=\"Roboto|on|||\" header_font_size=\"22\" header_text_color=\"#ffffff\" header_line_height=\"1.2em\" meta_font=\"Roboto|on|||\" meta_font_size=\"14px\" meta_text_color=\"#ffffff\" meta_letter_spacing=\"1\" meta_line_height=\"1.1em\" custom_button=\"on\" button_text_color=\"#ffffff\" button_bg_color=\"rgba(255,255,255,0)\" button_letter_spacing=\"0\" button_use_icon=\"on\" button_icon=\"%%3%%\" button_icon_color=\"#ffffff\" button_icon_placement=\"right\" button_on_hover=\"off\" button_text_color_hover=\"#f4f4f4\" button_letter_spacing_hover=\"2\" module_class=\"post_slider_small\" custom_css_slide_title=\"text-align: left;\" header_letter_spacing=\"1px\" button_text_size=\"14\" button_border_width=\"0\" button_border_radius=\"0\" button_font=\"Roboto|on|||\" button_border_radius_hover=\"0\"]\n\n\n\n[\/et_pb_post_slider][\/et_pb_column][et_pb_column type=\"1_4\"][et_pb_divider admin_label=\"Space-Divider\" color=\"#ffffff\" show_divider=\"off\" height=\"10\" divider_style=\"solid\" divider_position=\"top\" hide_on_mobile=\"off\" disabled=\"off\" disabled_on=\"||on\"]\n\n\n\n[\/et_pb_divider][et_pb_post_slider admin_label=\"Post Slider\" posts_number=\"1\" include_categories=\"4\" orderby=\"date_desc\" show_arrows=\"on\" show_pagination=\"on\" show_more_button=\"on\" more_text=\"Read More\" content_source=\"off\" use_manual_excerpt=\"on\" excerpt_length=\"0\" show_meta=\"off\" background_layout=\"dark\" show_image=\"on\" image_placement=\"background\" parallax=\"off\" parallax_method=\"off\" use_bg_overlay=\"on\" bg_overlay_color=\"rgba(61,61,61,0.45)\" use_text_overlay=\"on\" text_overlay_color=\"#ffffff\" remove_inner_shadow=\"on\" background_position=\"default\" background_size=\"contain\" auto=\"off\" auto_speed=\"8000\" auto_ignore_hover=\"off\" top_padding=\"0px\" bottom_padding=\"0px\" hide_content_on_mobile=\"off\" hide_cta_on_mobile=\"off\" show_image_video_mobile=\"off\" arrows_custom_color=\"#ffffff\" dot_nav_custom_color=\"#ffffff\" header_font=\"Roboto|on|||\" header_font_size=\"22\" header_text_color=\"#ffffff\" header_line_height=\"1.2em\" meta_font=\"Roboto|on|||\" meta_font_size=\"14px\" meta_text_color=\"#ffffff\" meta_letter_spacing=\"1\" meta_line_height=\"1.1em\" custom_button=\"on\" button_text_color=\"#ffffff\" button_bg_color=\"rgba(255,255,255,0)\" button_letter_spacing=\"0\" button_use_icon=\"on\" button_icon=\"%%3%%\" button_icon_color=\"#ffffff\" button_icon_placement=\"right\" button_on_hover=\"off\" button_text_color_hover=\"#f4f4f4\" button_letter_spacing_hover=\"2\" module_class=\"post_slider_small\" custom_css_slide_title=\"text-align: left;\" header_letter_spacing=\"1px\" button_text_size=\"14\" button_border_width=\"0\" button_border_radius=\"0\" button_font=\"Roboto|on|||\" button_border_radius_hover=\"0\"]\n\n\n\n[\/et_pb_post_slider][et_pb_divider admin_label=\"Space-Divider\" color=\"#ffffff\" show_divider=\"off\" height=\"10\" divider_style=\"solid\" divider_position=\"top\" hide_on_mobile=\"off\"]\n\n\n\n[\/et_pb_divider][et_pb_post_slider admin_label=\"Post Slider\" posts_number=\"1\" include_categories=\"5\" orderby=\"date_desc\" show_arrows=\"on\" show_pagination=\"on\" show_more_button=\"on\" more_text=\"Read More\" content_source=\"off\" use_manual_excerpt=\"on\" excerpt_length=\"0\" show_meta=\"off\" background_layout=\"dark\" show_image=\"on\" image_placement=\"background\" parallax=\"off\" parallax_method=\"off\" use_bg_overlay=\"on\" bg_overlay_color=\"rgba(61,61,61,0.45)\" use_text_overlay=\"on\" text_overlay_color=\"#ffffff\" remove_inner_shadow=\"on\" background_position=\"default\" background_size=\"contain\" auto=\"off\" auto_speed=\"8000\" auto_ignore_hover=\"off\" top_padding=\"0px\" bottom_padding=\"0px\" hide_content_on_mobile=\"off\" hide_cta_on_mobile=\"off\" show_image_video_mobile=\"off\" arrows_custom_color=\"#ffffff\" dot_nav_custom_color=\"#ffffff\" header_font=\"Roboto|on|||\" header_font_size=\"22\" header_text_color=\"#ffffff\" header_line_height=\"1.2em\" meta_font=\"Roboto|on|||\" meta_font_size=\"14px\" meta_text_color=\"#ffffff\" meta_letter_spacing=\"1\" meta_line_height=\"1.1em\" custom_button=\"on\" button_text_color=\"#ffffff\" button_bg_color=\"rgba(255,255,255,0)\" button_letter_spacing=\"0\" button_use_icon=\"on\" button_icon=\"%%3%%\" button_icon_color=\"#ffffff\" button_icon_placement=\"right\" button_on_hover=\"off\" button_text_color_hover=\"#f4f4f4\" button_letter_spacing_hover=\"2\" module_class=\"post_slider_small\" custom_css_slide_title=\"text-align: left;\" header_letter_spacing=\"1px\" button_text_size=\"14\" button_border_width=\"0\" button_border_radius=\"0\" button_font=\"Roboto|on|||\" button_border_radius_hover=\"0\"]\n\n\n\n[\/et_pb_post_slider][\/et_pb_column][\/et_pb_row][\/et_pb_section]","post_title":"Blog Magazine Style 2","post_excerpt":"","post_status":"publish","comment_status":"closed","ping_status":"closed","post_password":"","post_name":"blog-magazine-style-2","to_ping":"","pinged":"","post_modified":"2016-07-23 07:57:23","post_modified_gmt":"2016-07-23 07:57:23","post_content_filtered":"","post_parent":0,"menu_order":0,"post_type":"et_pb_layout","post_mime_type":"","comment_count":"0","filter":"raw","post_meta":{"_et_pb_built_for_post_type":["page"]},"terms":{"7":{"name":"not_global","slug":"not_global","taxonomy":"scope","parent":0,"description":""},"8":{"name":"regular","slug":"regular","taxonomy":"module_width","parent":0,"description":""},"9":{"name":"section","slug":"section","taxonomy":"layout_type","parent":0,"description":""},"10":{"name":"Section","slug":"section","taxonomy":"layout_category","parent":0,"description":""}}},"24870":{"ID":24870,"post_date":"2016-07-23 07:57:05","post_date_gmt":"2016-07-23 07:57:05","post_content":"[et_pb_section admin_label=\"Blog Magazine Style 1\" fullwidth=\"off\" specialty=\"off\" transparent_background=\"off\" allow_player_pause=\"off\" inner_shadow=\"off\" parallax=\"off\" parallax_method=\"off\" padding_mobile=\"on\" make_fullwidth=\"off\" use_custom_width=\"off\" width_unit=\"on\" make_equal=\"off\" use_custom_gutter=\"off\" background_color=\"#ffffff\" custom_padding=\"0px|||\" template_type=\"section\"][et_pb_row admin_label=\"Row\" make_fullwidth=\"off\" use_custom_width=\"off\" width_unit=\"on\" use_custom_gutter=\"off\" gutter_width=\"1\" custom_padding=\"0px||0px|\" padding_mobile=\"on\" allow_player_pause=\"off\" parallax=\"off\" parallax_method=\"off\" make_equal=\"off\" parallax_1=\"off\" parallax_method_1=\"off\" parallax_2=\"off\" parallax_method_2=\"off\" column_padding_mobile=\"on\" background_color_1=\"#ffffff\" custom_padding_last_edited=\"off|desktop\"][et_pb_column type=\"4_4\"][et_pb_text admin_label=\"Blog Magazine style 1\" background_layout=\"light\" text_orientation=\"center\" text_font=\"Roboto Light||||\" text_font_size=\"56\" text_text_color=\"#262e32\" use_border_color=\"off\" border_color=\"#ffffff\" border_style=\"solid\" text_line_height=\"1.2em\" custom_css_main_element=\"font-weight: 300;\" text_font_size_tablet=\"50\" text_font_size_phone=\"28\" text_font_size_last_edited=\"off|phone\" custom_padding=\"0px|||\"]\n\nBlog Magazine style 1\n\n[\/et_pb_text][et_pb_divider admin_label=\"Divider\" color=\"#d8d8d8\" show_divider=\"on\" divider_style=\"solid\" divider_position=\"top\" hide_on_mobile=\"off\"]\n\n\n\n[\/et_pb_divider][\/et_pb_column][\/et_pb_row][et_pb_row admin_label=\"Row\" make_fullwidth=\"on\" use_custom_width=\"off\" width_unit=\"on\" use_custom_gutter=\"on\" gutter_width=\"1\" custom_padding=\"0px||0px|\" padding_mobile=\"on\" allow_player_pause=\"off\" parallax=\"off\" parallax_method=\"off\" make_equal=\"on\" parallax_1=\"off\" parallax_method_1=\"off\" parallax_2=\"off\" parallax_method_2=\"off\" parallax_3=\"off\" parallax_method_3=\"off\" column_padding_mobile=\"on\" module_class=\"column_custom_post\"][et_pb_column type=\"1_2\"][et_pb_post_slider admin_label=\"Post Slider\" posts_number=\"3\" include_categories=\"3,17,4,5\" orderby=\"date_desc\" show_arrows=\"on\" show_pagination=\"on\" show_more_button=\"on\" more_text=\"Read More\" content_source=\"off\" use_manual_excerpt=\"on\" excerpt_length=\"0\" show_meta=\"on\" background_layout=\"dark\" show_image=\"on\" image_placement=\"background\" parallax=\"off\" parallax_method=\"on\" use_bg_overlay=\"on\" bg_overlay_color=\"rgba(61,61,61,0.45)\" use_text_overlay=\"on\" text_overlay_color=\"#ffffff\" remove_inner_shadow=\"on\" background_position=\"default\" background_size=\"contain\" auto=\"on\" auto_speed=\"9000\" auto_ignore_hover=\"off\" hide_content_on_mobile=\"off\" hide_cta_on_mobile=\"off\" show_image_video_mobile=\"off\" arrows_custom_color=\"#ffffff\" dot_nav_custom_color=\"#ffffff\" header_font=\"Roboto|on|||\" header_font_size=\"32\" header_text_color=\"#ffffff\" header_line_height=\"1.2em\" meta_font=\"Roboto|on|||\" meta_font_size=\"14px\" meta_text_color=\"#ffffff\" meta_letter_spacing=\"0\" meta_line_height=\"1.1em\" custom_button=\"on\" button_text_color=\"#ffffff\" button_bg_color=\"rgba(255,255,255,0)\" button_letter_spacing=\"1\" button_use_icon=\"on\" button_icon=\"%%3%%\" button_icon_color=\"#ffffff\" button_icon_placement=\"right\" button_on_hover=\"off\" button_text_color_hover=\"#f2f2f2\" button_bg_color_hover=\"rgba(255,255,255,0)\" button_letter_spacing_hover=\"2\" module_class=\"post_slider_big\" custom_css_main_element=\"padding: 0px !important;\" button_text_size=\"16\" button_border_width=\"0\" button_border_radius=\"0\" button_font=\"Roboto||||\" button_border_radius_hover=\"0\" header_font_size_tablet=\"33\" header_font_size_phone=\"30\" header_font_size_last_edited=\"on|phone\"]\n\n\n\n[\/et_pb_post_slider][\/et_pb_column][et_pb_column type=\"1_4\"][et_pb_post_slider admin_label=\"Post Slider\" posts_number=\"1\" orderby=\"date_desc\" show_arrows=\"on\" show_pagination=\"on\" show_more_button=\"on\" more_text=\"Read More\" content_source=\"off\" use_manual_excerpt=\"on\" excerpt_length=\"0\" show_meta=\"off\" background_layout=\"dark\" show_image=\"on\" image_placement=\"background\" parallax=\"off\" parallax_method=\"off\" use_bg_overlay=\"on\" bg_overlay_color=\"rgba(61,61,61,0.45)\" use_text_overlay=\"on\" text_overlay_color=\"#ffffff\" remove_inner_shadow=\"on\" background_position=\"default\" background_size=\"contain\" auto=\"off\" auto_speed=\"8000\" auto_ignore_hover=\"off\" top_padding=\"0px\" bottom_padding=\"0px\" hide_content_on_mobile=\"off\" hide_cta_on_mobile=\"off\" show_image_video_mobile=\"off\" arrows_custom_color=\"#ffffff\" dot_nav_custom_color=\"#ffffff\" header_font=\"Roboto|on|||\" header_font_size=\"22\" header_text_color=\"#ffffff\" header_line_height=\"1.2em\" meta_font=\"Roboto|on|||\" meta_font_size=\"14px\" meta_text_color=\"#ffffff\" meta_letter_spacing=\"1\" meta_line_height=\"1.1em\" custom_button=\"on\" button_text_color=\"#ffffff\" button_bg_color=\"rgba(255,255,255,0)\" button_use_icon=\"on\" button_icon=\"%%3%%\" button_icon_color=\"#ffffff\" button_icon_placement=\"right\" button_on_hover=\"off\" button_text_color_hover=\"#f4f4f4\" module_class=\"post_slider_small\" custom_css_slide_title=\"text-align: left;\" header_letter_spacing=\"1px\" button_text_size=\"14\" button_border_width=\"0\" button_border_radius=\"0\" button_font=\"Roboto|on|||\" button_border_radius_hover=\"0\" header_font_size_phone=\"17\" header_font_size_last_edited=\"on|phone\"]\n\n\n\n[\/et_pb_post_slider][et_pb_post_slider admin_label=\"Post Slider\" posts_number=\"1\" include_categories=\"17\" orderby=\"date_desc\" show_arrows=\"on\" show_pagination=\"on\" show_more_button=\"on\" more_text=\"Read More\" content_source=\"off\" use_manual_excerpt=\"on\" excerpt_length=\"0\" show_meta=\"off\" background_layout=\"dark\" show_image=\"on\" image_placement=\"background\" parallax=\"off\" parallax_method=\"off\" use_bg_overlay=\"on\" bg_overlay_color=\"rgba(61,61,61,0.45)\" use_text_overlay=\"on\" text_overlay_color=\"#ffffff\" remove_inner_shadow=\"on\" background_position=\"default\" background_size=\"contain\" auto=\"off\" auto_speed=\"8000\" auto_ignore_hover=\"off\" top_padding=\"0px\" bottom_padding=\"0px\" hide_content_on_mobile=\"off\" hide_cta_on_mobile=\"off\" show_image_video_mobile=\"off\" arrows_custom_color=\"#ffffff\" dot_nav_custom_color=\"#ffffff\" header_font=\"Roboto|on|||\" header_font_size=\"22\" header_text_color=\"#ffffff\" header_line_height=\"1.2em\" meta_font=\"Roboto|on|||\" meta_font_size=\"14px\" meta_text_color=\"#ffffff\" meta_letter_spacing=\"1\" meta_line_height=\"1.1em\" custom_button=\"on\" button_text_color=\"#ffffff\" button_bg_color=\"rgba(255,255,255,0)\" button_letter_spacing=\"0\" button_use_icon=\"on\" button_icon=\"%%3%%\" button_icon_color=\"#ffffff\" button_icon_placement=\"right\" button_on_hover=\"off\" button_text_color_hover=\"#f4f4f4\" button_letter_spacing_hover=\"2\" module_class=\"post_slider_small\" custom_css_slide_title=\"text-align: left;\" header_letter_spacing=\"1px\" button_text_size=\"14\" button_border_width=\"0\" button_border_radius=\"0\" button_font=\"Roboto|on|||\" button_border_radius_hover=\"0\"]\n\n\n\n[\/et_pb_post_slider][\/et_pb_column][et_pb_column type=\"1_4\"][et_pb_post_slider admin_label=\"Post Slider\" posts_number=\"1\" include_categories=\"4\" orderby=\"date_desc\" show_arrows=\"on\" show_pagination=\"on\" show_more_button=\"on\" more_text=\"Read More\" content_source=\"off\" use_manual_excerpt=\"on\" excerpt_length=\"0\" show_meta=\"off\" background_layout=\"dark\" show_image=\"on\" image_placement=\"background\" parallax=\"off\" parallax_method=\"off\" use_bg_overlay=\"on\" bg_overlay_color=\"rgba(61,61,61,0.45)\" use_text_overlay=\"on\" text_overlay_color=\"#ffffff\" remove_inner_shadow=\"on\" background_position=\"default\" background_size=\"contain\" auto=\"off\" auto_speed=\"8000\" auto_ignore_hover=\"off\" top_padding=\"0px\" bottom_padding=\"0px\" hide_content_on_mobile=\"off\" hide_cta_on_mobile=\"off\" show_image_video_mobile=\"off\" arrows_custom_color=\"#ffffff\" dot_nav_custom_color=\"#ffffff\" header_font=\"Roboto|on|||\" header_font_size=\"22\" header_text_color=\"#ffffff\" header_line_height=\"1.2em\" meta_font=\"Roboto|on|||\" meta_font_size=\"14px\" meta_text_color=\"#ffffff\" meta_letter_spacing=\"1\" meta_line_height=\"1.1em\" custom_button=\"on\" button_text_color=\"#ffffff\" button_bg_color=\"rgba(255,255,255,0)\" button_letter_spacing=\"0\" button_use_icon=\"on\" button_icon=\"%%3%%\" button_icon_color=\"#ffffff\" button_icon_placement=\"right\" button_on_hover=\"off\" button_text_color_hover=\"#f4f4f4\" button_letter_spacing_hover=\"2\" module_class=\"post_slider_small\" custom_css_slide_title=\"text-align: left;\" header_letter_spacing=\"1px\" button_text_size=\"14\" button_border_width=\"0\" button_border_radius=\"0\" button_font=\"Roboto|on|||\" button_border_radius_hover=\"0\"]\n\n\n\n[\/et_pb_post_slider][et_pb_post_slider admin_label=\"Post Slider\" posts_number=\"1\" include_categories=\"5\" orderby=\"date_desc\" show_arrows=\"on\" show_pagination=\"on\" show_more_button=\"on\" more_text=\"Read More\" content_source=\"off\" use_manual_excerpt=\"on\" excerpt_length=\"0\" show_meta=\"off\" background_layout=\"dark\" show_image=\"on\" image_placement=\"background\" parallax=\"off\" parallax_method=\"off\" use_bg_overlay=\"on\" bg_overlay_color=\"rgba(61,61,61,0.45)\" use_text_overlay=\"on\" text_overlay_color=\"#ffffff\" remove_inner_shadow=\"on\" background_position=\"default\" background_size=\"contain\" auto=\"off\" auto_speed=\"8000\" auto_ignore_hover=\"off\" top_padding=\"0px\" bottom_padding=\"0px\" hide_content_on_mobile=\"off\" hide_cta_on_mobile=\"off\" show_image_video_mobile=\"off\" arrows_custom_color=\"#ffffff\" dot_nav_custom_color=\"#ffffff\" header_font=\"Roboto|on|||\" header_font_size=\"22\" header_text_color=\"#ffffff\" header_line_height=\"1.2em\" meta_font=\"Roboto|on|||\" meta_font_size=\"14px\" meta_text_color=\"#ffffff\" meta_letter_spacing=\"1\" meta_line_height=\"1.1em\" custom_button=\"on\" button_text_color=\"#ffffff\" button_bg_color=\"rgba(255,255,255,0)\" button_letter_spacing=\"0\" button_use_icon=\"on\" button_icon=\"%%3%%\" button_icon_color=\"#ffffff\" button_icon_placement=\"right\" button_on_hover=\"off\" button_text_color_hover=\"#f4f4f4\" button_letter_spacing_hover=\"2\" module_class=\"post_slider_small\" custom_css_slide_title=\"text-align: left;\" header_letter_spacing=\"1px\" button_text_size=\"14\" button_border_width=\"0\" button_border_radius=\"0\" button_font=\"Roboto|on|||\" button_border_radius_hover=\"0\"]\n\n\n\n[\/et_pb_post_slider][\/et_pb_column][\/et_pb_row][\/et_pb_section]","post_title":"Blog Magazine Style 1","post_excerpt":"","post_status":"publish","comment_status":"closed","ping_status":"closed","post_password":"","post_name":"blog-magazine-style1","to_ping":"","pinged":"","post_modified":"2016-07-23 07:58:17","post_modified_gmt":"2016-07-23 07:58:17","post_content_filtered":"","post_parent":0,"menu_order":0,"post_type":"et_pb_layout","post_mime_type":"","comment_count":"0","filter":"raw","post_meta":{"_et_pb_built_for_post_type":["page"],"_wp_old_slug":["blog-magazine-style"]},"terms":{"7":{"name":"not_global","slug":"not_global","taxonomy":"scope","parent":0,"description":""},"8":{"name":"regular","slug":"regular","taxonomy":"module_width","parent":0,"description":""},"9":{"name":"section","slug":"section","taxonomy":"layout_type","parent":0,"description":""},"10":{"name":"Section","slug":"section","taxonomy":"layout_category","parent":0,"description":""}}}},"images":[]}