{"context":"et_builder_layouts","data":{"24639":{"ID":24639,"post_date":"2016-06-17 19:29:51","post_date_gmt":"2016-06-17 19:29:51","post_content":"[et_pb_section admin_label=\"E-Mail Optin Style 2\" fullwidth=\"off\" specialty=\"off\" transparent_background=\"off\" allow_player_pause=\"off\" inner_shadow=\"off\" parallax=\"off\" parallax_method=\"off\" padding_mobile=\"off\" make_fullwidth=\"off\" use_custom_width=\"off\" width_unit=\"on\" make_equal=\"off\" use_custom_gutter=\"off\" background_color=\"#eef5f9\" template_type=\"section\"][et_pb_row admin_label=\"Row\" make_fullwidth=\"off\" use_custom_width=\"off\" width_unit=\"on\" custom_width_px=\"780px\" use_custom_gutter=\"off\" padding_mobile=\"on\" allow_player_pause=\"off\" parallax=\"off\" parallax_method=\"off\" make_equal=\"off\" parallax_1=\"off\" parallax_method_1=\"off\" column_padding_mobile=\"on\" custom_padding=\"50px||50px|\"][et_pb_column type=\"4_4\"][et_pb_text admin_label=\"Style 2\" background_layout=\"light\" text_orientation=\"center\" text_font=\"Lato|on|||\" text_font_size=\"25\" text_text_color=\"#8a8d8e\" text_line_height=\"1.4em\" use_border_color=\"off\" border_color=\"#ffffff\" border_style=\"solid\" custom_css_main_element=\"font-weight: 400;\"]\n\nOPTIN 2\n\n[\/et_pb_text][et_pb_text admin_label=\"Optin-form 2\" background_layout=\"light\" text_orientation=\"center\" text_font=\"Raleway Light||||\" text_font_size=\"4em\" text_text_color=\"#9aa9bc\" use_border_color=\"off\" border_color=\"#ffffff\" border_style=\"solid\" text_line_height=\"1.2em\" custom_css_main_element=\"font-weight: 300;\" max_width=\"800px\" max_width_last_edited=\"off|desktop\" text_font_size_tablet=\"3em\" text_font_size_phone=\"2em\" text_font_size_last_edited=\"on|phone\"]\n\nOptin-Form Style 2.\n\n[\/et_pb_text][et_pb_text admin_label=\"Text\" background_layout=\"light\" text_orientation=\"center\" text_font=\"Raleway Light||||\" text_font_size=\"24\" text_text_color=\"#5b666d\" use_border_color=\"off\" border_color=\"#ffffff\" border_style=\"solid\" text_line_height=\"1.5em\" custom_margin=\"24px|||\" custom_css_main_element=\"font-weight: 300;\" max_width=\"800px\"]\n\nYes, I\u2019m a dummy text. Anyway I look nice and useful in some ways. Thanks. I know also latin. Lorem ipsum sit amet is my favourite concept.\n\n[\/et_pb_text][et_pb_signup admin_label=\"E-Mail Optin\" provider=\"mailchimp\" mailchimp_list=\"6c36d92826\" aweber_list=\"none\" button_text=\"Subscribe now\" use_background_color=\"off\" background_color=\"#009176\" background_layout=\"dark\" text_orientation=\"left\" use_focus_border_color=\"on\" focus_border_color=\"#94a2b5\" use_border_color=\"off\" border_color=\"#ffffff\" border_style=\"solid\" custom_button=\"on\" button_letter_spacing=\"1\" button_use_icon=\"off\" button_icon_placement=\"right\" button_on_hover=\"on\" button_letter_spacing_hover=\"2\" form_field_background_color=\"rgba(255,255,255,0)\" form_field_text_color=\"#a5b5ca\" focus_background_color=\"rgba(255,255,255,0)\" focus_text_color=\"#a5b5ca\" header_font=\"Lato|on|||\" module_class=\"subscribe-optin-2\" button_text_color=\"#ffffff\" button_bg_color=\"#a5b5ca\" button_border_color=\"#a5b5ca\" button_font=\"Lato|on|||\" button_icon=\"%%45%%\" button_icon_color=\"#ffffff\" button_text_color_hover=\"#a5b5ca\" button_bg_color_hover=\"#ffffff\" button_border_color_hover=\"#a5b5ca\" header_letter_spacing=\"1px\" body_letter_spacing=\"1px\" body_font=\"Lato|on|||\" body_text_color=\"#a5b5ca\" body_line_height=\"1.4em\" button_text_size_last_edited=\"off|phone\" button_text_size=\"17px\" button_border_radius=\"0\" button_border_radius_hover=\"0\"]\n\n\n\n[\/et_pb_signup][\/et_pb_column][\/et_pb_row][\/et_pb_section]","post_title":"E-Mail Optin Style 2","post_excerpt":"","post_status":"publish","comment_status":"closed","ping_status":"closed","post_password":"","post_name":"e-mail-optin-style-2","to_ping":"","pinged":"","post_modified":"2016-06-17 19:29:51","post_modified_gmt":"2016-06-17 19:29:51","post_content_filtered":"","post_parent":0,"menu_order":0,"post_type":"et_pb_layout","post_mime_type":"","comment_count":"0","filter":"raw","post_meta":{"_et_pb_built_for_post_type":["page"]},"terms":{"7":{"name":"not_global","slug":"not_global","taxonomy":"scope","parent":0,"description":""},"8":{"name":"regular","slug":"regular","taxonomy":"module_width","parent":0,"description":""},"9":{"name":"section","slug":"section","taxonomy":"layout_type","parent":0,"description":""},"10":{"name":"Section","slug":"section","taxonomy":"layout_category","parent":0,"description":""}}},"24638":{"ID":24638,"post_date":"2016-06-17 19:29:39","post_date_gmt":"2016-06-17 19:29:39","post_content":"[et_pb_section admin_label=\"E-Mail Optin Style 1\" fullwidth=\"off\" specialty=\"off\" transparent_background=\"off\" allow_player_pause=\"off\" inner_shadow=\"off\" parallax=\"off\" parallax_method=\"off\" padding_mobile=\"off\" make_fullwidth=\"off\" use_custom_width=\"off\" width_unit=\"on\" make_equal=\"off\" use_custom_gutter=\"off\" background_color=\"#ffffff\" template_type=\"section\"][et_pb_row admin_label=\"Row\" make_fullwidth=\"off\" use_custom_width=\"off\" width_unit=\"on\" custom_width_px=\"780px\" use_custom_gutter=\"off\" padding_mobile=\"on\" allow_player_pause=\"off\" parallax=\"off\" parallax_method=\"off\" make_equal=\"off\" parallax_1=\"off\" parallax_method_1=\"off\" column_padding_mobile=\"on\" custom_padding=\"50px||50px|\"][et_pb_column type=\"4_4\"][et_pb_text admin_label=\"Style 1\" background_layout=\"light\" text_orientation=\"center\" text_font=\"Lato|on|||\" text_font_size=\"25\" text_text_color=\"#8a8d8e\" text_line_height=\"1.4em\" use_border_color=\"off\" border_color=\"#ffffff\" border_style=\"solid\" custom_css_main_element=\"font-weight: 400;\"]\n\nOPTIN 1\n\n[\/et_pb_text][et_pb_text admin_label=\"Optin-form 1\" background_layout=\"light\" text_orientation=\"center\" text_font=\"Raleway Light||||\" text_font_size=\"4em\" text_text_color=\"#262e32\" use_border_color=\"off\" border_color=\"#ffffff\" border_style=\"solid\" text_line_height=\"1.2em\" custom_css_main_element=\"font-weight: 300;\" max_width=\"800px\" max_width_last_edited=\"off|desktop\" text_font_size_tablet=\"3em\" text_font_size_phone=\"2em\" text_font_size_last_edited=\"on|phone\"]\n\nOptin-Form Style 1.\n\n[\/et_pb_text][et_pb_text admin_label=\"Text\" background_layout=\"light\" text_orientation=\"center\" text_font=\"Raleway Light||||\" text_font_size=\"24\" text_text_color=\"#5b666d\" use_border_color=\"off\" border_color=\"#ffffff\" border_style=\"solid\" text_line_height=\"1.5em\" custom_margin=\"24px|||\" custom_css_main_element=\"font-weight: 300;\" max_width=\"800px\"]\n\nYes, I\u2019m a dummy text. Anyway I look nice and useful in some ways. Thanks. I know also latin. Lorem ipsum sit amet is my favourite concept.\n\n[\/et_pb_text][et_pb_signup admin_label=\"E-Mail Optin\" provider=\"mailchimp\" mailchimp_list=\"6c36d92826\" aweber_list=\"none\" button_text=\"Subscribe now\" use_background_color=\"off\" background_color=\"#009176\" background_layout=\"dark\" text_orientation=\"left\" use_focus_border_color=\"on\" focus_border_color=\"#cecece\" use_border_color=\"off\" border_color=\"#ffffff\" border_style=\"solid\" custom_button=\"on\" button_border_radius=\"30px\" button_use_icon=\"off\" button_icon_placement=\"right\" button_on_hover=\"on\" button_border_radius_hover=\"30px\" form_field_background_color=\"rgba(255,255,255,0)\" form_field_text_color=\"#cecece\" focus_background_color=\"rgba(255,255,255,0)\" focus_text_color=\"#04c365\" header_font=\"Lato|on|||\" module_class=\"subscribe-optin\" button_text_color=\"#ffffff\" button_bg_color=\"#04c365\" button_border_color=\"#04c365\" button_font=\"Lato|on|||\" button_icon=\"%%45%%\" button_icon_color=\"#ffffff\" button_text_color_hover=\"#ffffff\" button_bg_color_hover=\"rgba(0,193,96,0.9)\" button_border_color_hover=\"rgba(4,195,101,0.9)\" header_letter_spacing=\"1px\" body_letter_spacing=\"1px\" body_font=\"Lato|on|||\" body_text_color=\"#04c365\" body_line_height=\"1.4em\" button_text_size_last_edited=\"off|phone\" button_text_size=\"17px\"]\n\n\n\n[\/et_pb_signup][\/et_pb_column][\/et_pb_row][\/et_pb_section]","post_title":"E-Mail Optin Style 1","post_excerpt":"","post_status":"publish","comment_status":"closed","ping_status":"closed","post_password":"","post_name":"e-mail-optin-style-1","to_ping":"","pinged":"","post_modified":"2016-06-17 19:29:39","post_modified_gmt":"2016-06-17 19:29:39","post_content_filtered":"","post_parent":0,"menu_order":0,"post_type":"et_pb_layout","post_mime_type":"","comment_count":"0","filter":"raw","post_meta":{"_et_pb_built_for_post_type":["page"]},"terms":{"7":{"name":"not_global","slug":"not_global","taxonomy":"scope","parent":0,"description":""},"8":{"name":"regular","slug":"regular","taxonomy":"module_width","parent":0,"description":""},"9":{"name":"section","slug":"section","taxonomy":"layout_type","parent":0,"description":""},"10":{"name":"Section","slug":"section","taxonomy":"layout_category","parent":0,"description":""}}}},"images":[]}