{"context":"et_builder_layouts","data":{"25013":{"ID":25013,"post_date":"2016-08-12 20:31:09","post_date_gmt":"2016-08-12 20:31:09","post_content":"[et_pb_section admin_label=\"Footer 2\" fullwidth=\"off\" specialty=\"off\" transparent_background=\"off\" allow_player_pause=\"off\" inner_shadow=\"off\" parallax=\"off\" parallax_method=\"off\" padding_mobile=\"on\" make_fullwidth=\"off\" use_custom_width=\"off\" width_unit=\"on\" make_equal=\"off\" use_custom_gutter=\"off\" background_color=\"#495763\" custom_padding=\"30px||30px|\" module_class=\"footer_custom_1\" template_type=\"section\"][et_pb_row admin_label=\"Row\" make_fullwidth=\"off\" use_custom_width=\"off\" width_unit=\"on\" use_custom_gutter=\"off\" custom_padding=\"||3%|\" padding_mobile=\"off\" allow_player_pause=\"off\" parallax=\"off\" parallax_method=\"off\" make_equal=\"off\" parallax_1=\"off\" parallax_method_1=\"off\" parallax_2=\"off\" parallax_method_2=\"off\" parallax_3=\"off\" parallax_method_3=\"off\" parallax_4=\"off\" parallax_method_4=\"off\" column_padding_mobile=\"on\"][et_pb_column type=\"1_4\"][et_pb_text admin_label=\"COMPANY\" background_layout=\"light\" text_orientation=\"left\" text_font=\"Montserrat|on||on|\" text_font_size=\"16\" text_font_size_tablet=\"15\" text_font_size_phone=\"14\" text_font_size_last_edited=\"off|phone\" text_text_color=\"#a5f5cd\" text_letter_spacing=\"1px\" text_line_height=\"1.5em\" use_border_color=\"off\" border_color=\"#ffffff\" border_style=\"solid\" custom_margin=\"18%||2%|\" custom_margin_last_edited=\"off|phone\" custom_margin_tablet=\"15%||2%|\" custom_margin_phone=\"10%||2%|\"]\n\n<p>COMPANY<\/p>\n\n[\/et_pb_text][et_pb_text admin_label=\"Text\" background_layout=\"light\" text_orientation=\"left\" text_font=\"Lato||||\" text_font_size_last_edited=\"off|phone\" text_text_color=\"#898989\" text_letter_spacing=\"1px\" text_line_height=\"1.4em\" use_border_color=\"off\" border_color=\"#ffffff\" border_style=\"solid\" custom_margin=\"||2%|\" text_font_size=\"16\" text_font_size_phone=\"15\" module_class=\"footer-module\"]\n\n<ul><li><a href=\"#\">Blog<\/a><\/li><li><a href=\"#\">Team<\/a><\/li><li><a href=\"#\">Career<\/a><\/li><li><a href=\"#\">Terms of Service<\/a><\/li><li><a href=\"#\">Privacy Police<\/a><\/li><\/ul>\n\n[\/et_pb_text][\/et_pb_column][et_pb_column type=\"1_4\"][et_pb_text admin_label=\"HELP &amp; SUPPORT\" background_layout=\"light\" text_orientation=\"left\" text_font=\"Montserrat|on||on|\" text_font_size=\"16\" text_font_size_tablet=\"15\" text_font_size_phone=\"14\" text_font_size_last_edited=\"off|phone\" text_text_color=\"#a5f5cd\" text_letter_spacing=\"1px\" text_line_height=\"1.5em\" use_border_color=\"off\" border_color=\"#ffffff\" border_style=\"solid\" custom_margin=\"18%||2%|\" custom_margin_last_edited=\"off|phone\" custom_margin_tablet=\"15%||2%|\" custom_margin_phone=\"10%||2%|\"]\n\n<p>HELP &amp; SUPPORT<\/p>\n\n[\/et_pb_text][et_pb_text admin_label=\"Text\" background_layout=\"light\" text_orientation=\"left\" text_font=\"Lato||||\" text_font_size_last_edited=\"off|phone\" text_text_color=\"#898989\" text_letter_spacing=\"1px\" text_line_height=\"1.4em\" use_border_color=\"off\" border_color=\"#ffffff\" border_style=\"solid\" custom_margin=\"||2%|\" text_font_size=\"16\" text_font_size_phone=\"15\" module_class=\"footer-module\"]\n\n<ul><li><a href=\"#\">Support<\/a><\/li><li><a href=\"#\">Docs<\/a><\/li><li><a href=\"#\">Contact<\/a><\/li><li><a href=\"#\">Open Ticket<\/a><\/li><\/ul>\n\n[\/et_pb_text][\/et_pb_column][et_pb_column type=\"1_4\"][et_pb_text admin_label=\"SOCIAL\" background_layout=\"light\" text_orientation=\"left\" text_font=\"Montserrat|on||on|\" text_font_size=\"16\" text_font_size_tablet=\"15\" text_font_size_phone=\"14\" text_font_size_last_edited=\"off|phone\" text_text_color=\"#a5f5cd\" text_letter_spacing=\"1px\" text_line_height=\"1.5em\" use_border_color=\"off\" border_color=\"#ffffff\" border_style=\"solid\" custom_margin=\"18%||2%|\" custom_margin_last_edited=\"off|phone\" custom_margin_tablet=\"15%||2%|\" custom_margin_phone=\"10%||2%|\"]\n\n<p>SOCIAL<\/p>\n\n[\/et_pb_text][et_pb_text admin_label=\"Text\" background_layout=\"light\" text_orientation=\"left\" text_font=\"Lato||||\" text_font_size_last_edited=\"off|phone\" text_text_color=\"#898989\" text_letter_spacing=\"1px\" text_line_height=\"1.4em\" use_border_color=\"off\" border_color=\"#ffffff\" border_style=\"solid\" custom_margin=\"||2%|\" text_font_size=\"16\" text_font_size_phone=\"15\" module_class=\"footer-module\"]\n\n<ul><li><a href=\"#\"><i class=\"fa fa-facebook\"><\/i>Facebook<\/a><\/li><li><a href=\"#\"><i class=\"fa fa-twitter\"><\/i>Twitter<\/a><\/li><li><a href=\"#\"><i class=\"fa fa-google-plus\"><\/i>Google+<\/a><\/li><li><a href=\"#\"><i class=\"fa fa-linkedin\"><\/i>Linkedin<\/a><\/li><\/ul>\n\n[\/et_pb_text][\/et_pb_column][et_pb_column type=\"1_4\"][et_pb_text admin_label=\"LOCATION\" background_layout=\"light\" text_orientation=\"left\" text_font=\"Montserrat|on||on|\" text_font_size=\"16\" text_font_size_tablet=\"15\" text_font_size_phone=\"14\" text_font_size_last_edited=\"off|phone\" text_text_color=\"#a5f5cd\" text_letter_spacing=\"1px\" text_line_height=\"1.5em\" use_border_color=\"off\" border_color=\"#ffffff\" border_style=\"solid\" custom_margin=\"18%||2%|\" custom_margin_last_edited=\"off|phone\" custom_margin_tablet=\"15%||2%|\" custom_margin_phone=\"10%||2%|\"]\n\n<p>LOCATION<\/p>\n\n[\/et_pb_text][et_pb_text admin_label=\"Text\" background_layout=\"light\" text_orientation=\"left\" text_font=\"Lato||||\" text_font_size_last_edited=\"off|phone\" text_text_color=\"#a3a9b1\" text_letter_spacing=\"1px\" text_line_height=\"1.4em\" use_border_color=\"off\" border_color=\"#ffffff\" border_style=\"solid\" custom_margin=\"||13%|\" text_font_size=\"16\" text_font_size_phone=\"15\" module_class=\"footer-module\" custom_margin_last_edited=\"off|tablet\" custom_margin_phone=\"||5%|\" custom_margin_tablet=\"||8%|\"]\n\n<p>Melody Parkway,<br \/> Los Angeles, CA 97003<\/p>\n\n[\/et_pb_text][et_pb_button admin_label=\"Button-Maps\" button_url=\"#\" url_new_window=\"off\" button_text=\"Google Maps\" button_alignment=\"left\" background_layout=\"light\" custom_button=\"on\" button_text_size=\"16\" button_text_size_tablet=\"15\" button_text_size_last_edited=\"off|phone\" button_text_color=\"#a5f5cd\" button_bg_color=\"rgba(255,255,255,0)\" button_border_color=\"#a5f5cd\" button_letter_spacing=\"1\" button_font=\"Montserrat|on||on|\" button_use_icon=\"on\" button_icon_placement=\"right\" button_on_hover=\"on\" button_text_color_hover=\"#a5f5cd\" button_bg_color_hover=\"rgba(165,245,205,0)\" button_border_color_hover=\"rgba(165,245,205,0)\" button_letter_spacing_hover=\"1\" button_border_radius=\"100\" button_border_radius_hover=\"0\" button_icon=\"%%122%%\" button_icon_color=\"#a5f5cd\" button_text_size_phone=\"13\"]\n\n<br \/>\n\n[\/et_pb_button][\/et_pb_column][\/et_pb_row][\/et_pb_section]","post_title":"Footer Custom 1 (CCT)","post_excerpt":"","post_status":"publish","comment_status":"closed","ping_status":"closed","post_password":"","post_name":"footer-custom-1-cct","to_ping":"","pinged":"","post_modified":"2016-08-12 20:31:09","post_modified_gmt":"2016-08-12 20:31:09","post_content_filtered":"","post_parent":0,"menu_order":0,"post_type":"et_pb_layout","post_mime_type":"","comment_count":"0","filter":"raw","post_meta":{"_et_pb_built_for_post_type":["page"]},"terms":{"20":{"name":"Footer","slug":"footer","taxonomy":"layout_category","parent":0,"description":""},"21":{"name":"global","slug":"global","taxonomy":"scope","parent":0,"description":""},"8":{"name":"regular","slug":"regular","taxonomy":"module_width","parent":0,"description":""},"9":{"name":"section","slug":"section","taxonomy":"layout_type","parent":0,"description":""}}}},"images":[]}