{"context":"et_builder_layouts","data":{"25018":{"ID":25018,"post_date":"2016-08-12 22:10:09","post_date_gmt":"2016-08-12 22:10:09","post_content":"[et_pb_section admin_label=\"Section\" fullwidth=\"off\" specialty=\"off\" transparent_background=\"off\" background_color=\"#e5e8ed\" allow_player_pause=\"off\" inner_shadow=\"off\" parallax=\"off\" parallax_method=\"off\" custom_padding=\"10px||0px|\" padding_mobile=\"on\" make_fullwidth=\"off\" use_custom_width=\"off\" width_unit=\"on\" make_equal=\"off\" use_custom_gutter=\"off\" module_class=\"footer_custom\" template_type=\"section\"][et_pb_row admin_label=\"Row\" make_fullwidth=\"on\" use_custom_width=\"off\" width_unit=\"on\" use_custom_gutter=\"off\" padding_mobile=\"off\" allow_player_pause=\"off\" parallax=\"off\" parallax_method=\"off\" make_equal=\"off\" parallax_1=\"off\" parallax_method_1=\"off\" padding_left_1=\"70px\" parallax_2=\"off\" parallax_method_2=\"off\" parallax_3=\"off\" parallax_method_3=\"off\" column_padding_mobile=\"off\" disabled_on=\"on|on|\" disabled=\"off\"][et_pb_column type=\"1_4\"][et_pb_blurb admin_label=\"MAIL\" title=\"MAIL\" url_new_window=\"off\" use_icon=\"on\" font_icon=\"%%153%%\" icon_color=\"#7f7f80\" use_circle=\"off\" circle_color=\"#7EBEC5\" use_circle_border=\"off\" circle_border_color=\"#7EBEC5\" icon_placement=\"left\" animation=\"bottom\" background_layout=\"dark\" text_orientation=\"left\" use_icon_font_size=\"on\" icon_font_size=\"25px\" icon_font_size_last_edited=\"off|phone\" header_font=\"Montserrat|on||on|\" header_font_size=\"16\" header_text_color=\"#7f7f80\" header_line_height=\"1.1em\" body_font=\"Lato||||\" body_font_size=\"16\" body_text_color=\"#9ca0a7\" body_letter_spacing=\"1px\" body_line_height=\"1.4em\" use_border_color=\"off\" border_color=\"#ffffff\" border_style=\"solid\" disabled=\"off\" disabled_on=\"off|off|\"]\r\n\r\ninfo@yourmail.com\r\n\r\n[\/et_pb_blurb][\/et_pb_column][et_pb_column type=\"1_2\"][et_pb_social_media_follow admin_label=\"Social Media Follow\" link_shape=\"circle\" background_layout=\"light\" url_new_window=\"off\" follow_button=\"off\" module_class=\"social_footer_custom\"] [et_pb_social_media_follow_network social_network=\"facebook\" url=\"#\" skype_action=\"call\" bg_color=\"#cccdd1\"]\r\n\r\nfacebook\r\n\r\n[\/et_pb_social_media_follow_network][et_pb_social_media_follow_network social_network=\"twitter\" url=\"#\" skype_action=\"call\" bg_color=\"#cccdd1\"]\r\n\r\nTwitter\r\n\r\n[\/et_pb_social_media_follow_network][et_pb_social_media_follow_network social_network=\"dribbble\" url=\"#\" skype_action=\"call\" bg_color=\"#cccdd1\"]\r\n\r\ndribbble\r\n\r\n[\/et_pb_social_media_follow_network][et_pb_social_media_follow_network social_network=\"instagram\" url=\"#\" skype_action=\"call\" bg_color=\"#cccdd1\"]\r\n\r\nInstagram\r\n\r\n[\/et_pb_social_media_follow_network] [\/et_pb_social_media_follow][\/et_pb_column][et_pb_column type=\"1_4\"][et_pb_blurb admin_label=\"FIND US\" title=\"FIND US\" url_new_window=\"off\" use_icon=\"on\" font_icon=\"%%122%%\" icon_color=\"#7f7f80\" use_circle=\"off\" circle_color=\"#7EBEC5\" use_circle_border=\"off\" circle_border_color=\"#7EBEC5\" icon_placement=\"left\" animation=\"bottom\" background_layout=\"dark\" text_orientation=\"left\" use_icon_font_size=\"on\" icon_font_size=\"25px\" icon_font_size_last_edited=\"off|phone\" header_font=\"Montserrat|on||on|\" header_font_size=\"16\" header_text_color=\"#7f7f80\" header_line_height=\"1.1em\" body_font=\"Lato||||\" body_font_size=\"16\" body_text_color=\"#9ca0a7\" body_letter_spacing=\"1px\" body_line_height=\"1.4em\" use_border_color=\"off\" border_color=\"#ffffff\" border_style=\"solid\" disabled=\"off\" disabled_on=\"off|off|\"]\r\n\r\nMenlo Park, CA\r\n\r\n[\/et_pb_blurb][\/et_pb_column][\/et_pb_row][et_pb_row admin_label=\"Row (Row visible only mobile)\" disabled_on=\"||on\" disabled=\"off\" make_fullwidth=\"off\" use_custom_width=\"off\" width_unit=\"on\" use_custom_gutter=\"off\" padding_mobile=\"off\" allow_player_pause=\"off\" parallax=\"off\" parallax_method=\"off\" make_equal=\"off\" parallax_1=\"off\" parallax_method_1=\"off\" column_padding_mobile=\"on\" module_class=\"row_custom_footer\"][et_pb_column type=\"4_4\"][et_pb_blurb admin_label=\"MAIL (Row visible only mobile)\" title=\"MAIL\" url_new_window=\"off\" use_icon=\"on\" font_icon=\"%%153%%\" icon_color=\"#7f7f80\" use_circle=\"off\" circle_color=\"#7EBEC5\" use_circle_border=\"off\" circle_border_color=\"#7EBEC5\" icon_placement=\"top\" animation=\"bottom\" background_layout=\"dark\" text_orientation=\"center\" use_icon_font_size=\"on\" icon_font_size=\"25px\" icon_font_size_last_edited=\"off|phone\" header_font=\"Montserrat|on||on|\" header_font_size=\"16\" header_text_color=\"#7f7f80\" header_line_height=\"1.1em\" body_font=\"Lato||||\" body_font_size=\"16\" body_text_color=\"#9ca0a7\" body_letter_spacing=\"1px\" body_line_height=\"1.4em\" use_border_color=\"off\" border_color=\"#ffffff\" border_style=\"solid\" disabled=\"off\" disabled_on=\"off|off|\"]\r\n\r\ninfo@yourmail.com\r\n\r\n[\/et_pb_blurb][et_pb_social_media_follow admin_label=\"Social Media Follow (Row visible only mobile)\" link_shape=\"circle\" background_layout=\"light\" url_new_window=\"off\" follow_button=\"off\" module_class=\"social_footer_custom\"] [et_pb_social_media_follow_network social_network=\"facebook\" url=\"#\" skype_action=\"call\" bg_color=\"#cccdd1\"]\r\n\r\nfacebook\r\n\r\n[\/et_pb_social_media_follow_network][et_pb_social_media_follow_network social_network=\"twitter\" url=\"#\" skype_action=\"call\" bg_color=\"#cccdd1\"]\r\n\r\nTwitter\r\n\r\n[\/et_pb_social_media_follow_network][et_pb_social_media_follow_network social_network=\"dribbble\" url=\"#\" skype_action=\"call\" bg_color=\"#cccdd1\"]\r\n\r\ndribbble\r\n\r\n[\/et_pb_social_media_follow_network][et_pb_social_media_follow_network social_network=\"instagram\" url=\"#\" skype_action=\"call\" bg_color=\"#cccdd1\"]\r\n\r\nInstagram\r\n\r\n[\/et_pb_social_media_follow_network] [\/et_pb_social_media_follow][et_pb_blurb admin_label=\"FIND US (Row visible only mobile)\" title=\"FIND US\" url_new_window=\"off\" use_icon=\"on\" font_icon=\"%%122%%\" icon_color=\"#7f7f80\" use_circle=\"off\" circle_color=\"#7EBEC5\" use_circle_border=\"off\" circle_border_color=\"#7EBEC5\" icon_placement=\"top\" animation=\"bottom\" background_layout=\"dark\" text_orientation=\"center\" use_icon_font_size=\"on\" icon_font_size=\"25px\" icon_font_size_last_edited=\"off|phone\" header_font=\"Montserrat|on||on|\" header_font_size=\"16\" header_text_color=\"#7f7f80\" header_line_height=\"1.1em\" body_font=\"Lato||||\" body_font_size=\"16\" body_text_color=\"#9ca0a7\" body_letter_spacing=\"1px\" body_line_height=\"1.4em\" use_border_color=\"off\" border_color=\"#ffffff\" border_style=\"solid\" disabled=\"off\" disabled_on=\"off|off|\"]\r\n\r\nMenlo Park, CA\r\n\r\n[\/et_pb_blurb][\/et_pb_column][\/et_pb_row][et_pb_row admin_label=\"Row\" make_fullwidth=\"off\" use_custom_width=\"off\" width_unit=\"on\" use_custom_gutter=\"off\" custom_padding=\"0px||17px|\" padding_mobile=\"on\" allow_player_pause=\"off\" parallax=\"off\" parallax_method=\"off\" make_equal=\"off\" parallax_1=\"off\" parallax_method_1=\"off\" column_padding_mobile=\"on\" module_class=\"row_custom_footer\"][et_pb_column type=\"4_4\"][et_pb_divider admin_label=\"Divider\" color=\"#cccdd1\" show_divider=\"on\" divider_style=\"solid\" divider_position=\"top\" hide_on_mobile=\"off\" custom_css_main_element=\"max-width: 50% !important;||margin: 0 auto;\"]\r\n\r\n&nbsp;\r\n\r\n[\/et_pb_divider][et_pb_text admin_label=\"Copyright\" background_layout=\"dark\" text_orientation=\"center\" text_font=\"Open Sans|on|||\" text_font_size_last_edited=\"off|phone\" text_text_color=\"#7f7f80\" text_letter_spacing=\"1px\" text_line_height=\"1.3em\" use_border_color=\"off\" border_color=\"#ffffff\" border_style=\"solid\" custom_margin=\"2%||2%|\" text_font_size_phone=\"12\" text_font_size=\"13\"]\r\n\r\n\u00a9 2016 CREATIVE CHILD THEMES | All rights reserved\r\n\r\n[\/et_pb_text][\/et_pb_column][\/et_pb_row][\/et_pb_section]","post_title":"Footer Custom 3 (CCT) ----&gt; BOTTOM","post_excerpt":"","post_status":"publish","comment_status":"closed","ping_status":"closed","post_password":"","post_name":"footer-custom-3-cct-bottom","to_ping":"","pinged":"","post_modified":"2016-08-27 09:23:35","post_modified_gmt":"2016-08-27 07:23:35","post_content_filtered":"","post_parent":0,"menu_order":0,"post_type":"et_pb_layout","post_mime_type":"","comment_count":"0","filter":"raw","post_meta":{"_et_pb_built_for_post_type":["page"],"_wp_trash_meta_status":["publish"],"_wp_trash_meta_time":["1472281206"],"_wp_old_slug":["footer-custom-3-cct-bottom__trashed"],"_et_pb_use_builder":["on"],"_et_pb_ab_bounce_rate_limit":["5"],"_et_pb_ab_stats_refresh_interval":["hourly"],"_et_pb_old_content":[""],"_et_pb_enable_shortcode_tracking":[""],"_et_pb_custom_css":[""],"_et_pb_light_text_color":["#FFFFFF"],"_et_pb_dark_text_color":["#666666"],"_et_pb_content_area_background_color":[""],"_et_pb_section_background_color":["#FFFFFF"]},"terms":{"5":{"name":"Footer","slug":"footer","taxonomy":"layout_category","parent":0,"description":""},"6":{"name":"global","slug":"global","taxonomy":"scope","parent":0,"description":""},"7":{"name":"regular","slug":"regular","taxonomy":"module_width","parent":0,"description":""},"8":{"name":"section","slug":"section","taxonomy":"layout_type","parent":0,"description":""}}},"25017":{"ID":25017,"post_date":"2016-08-12 22:09:48","post_date_gmt":"2016-08-12 22:09:48","post_content":"[et_pb_section admin_label=\"Footer 3\" fullwidth=\"off\" specialty=\"off\" transparent_background=\"off\" allow_player_pause=\"off\" inner_shadow=\"off\" parallax=\"off\" parallax_method=\"off\" padding_mobile=\"on\" make_fullwidth=\"off\" use_custom_width=\"off\" width_unit=\"on\" make_equal=\"off\" use_custom_gutter=\"off\" background_color=\"#3c3d41\" custom_padding=\"10px||0px|\" module_class=\"footer_custom\" template_type=\"section\"][et_pb_row admin_label=\"Row\" make_fullwidth=\"on\" use_custom_width=\"off\" width_unit=\"off\" use_custom_gutter=\"off\" custom_padding=\"||3%|\" padding_mobile=\"off\" allow_player_pause=\"off\" parallax=\"off\" parallax_method=\"off\" make_equal=\"off\" parallax_1=\"off\" parallax_method_1=\"off\" parallax_2=\"off\" parallax_method_2=\"off\" parallax_3=\"off\" parallax_method_3=\"off\" parallax_4=\"off\" parallax_method_4=\"off\" column_padding_mobile=\"on\" disabled=\"off\" disabled_on=\"off|off|\" padding_top_4=\"7%\" padding_bottom_4=\"7%\" padding_left_4=\"5%\" custom_css_main_4=\"border-left: 1px solid #56617f;\" gutter_width=\"4\" custom_width_percent=\"85%\"][et_pb_column type=\"1_3\"][et_pb_text admin_label=\"LOGO\" background_layout=\"light\" text_orientation=\"center\" text_font=\"Montserrat|||on|\" text_font_size=\"20\" text_font_size_last_edited=\"off|phone\" text_letter_spacing=\"1px\" text_line_height=\"1.1em\" use_border_color=\"off\" border_color=\"#ffffff\" border_style=\"solid\" custom_margin_last_edited=\"off|phone\" custom_padding=\"8px|||\"]\n\n<p>CREATIVE<span style=\"color: #7f7f80\"><strong>FREEBIES<\/strong><\/span><\/p>\n\n[\/et_pb_text][\/et_pb_column][et_pb_column type=\"1_3\"][et_pb_text admin_label=\"LINK MENU\" background_layout=\"dark\" text_orientation=\"center\" text_font=\"Open Sans|on||on|\" text_font_size_last_edited=\"off|phone\" text_text_color=\"#7f7f80\" text_letter_spacing=\"1px\" text_line_height=\"1.3em\" use_border_color=\"off\" border_color=\"#ffffff\" border_style=\"solid\" custom_margin=\"2%||2%|\" text_font_size_phone=\"13\" module_class=\"footer-module\"]\n\n<p>ABOUT \u00a0 SERVICE \u00a0 BLOG \u00a0 SUPPORT \u00a0 PORTFOLIO<\/p>\n\n[\/et_pb_text][\/et_pb_column][et_pb_column type=\"1_3\"][et_pb_button admin_label=\"CONTACT US\" button_url=\"#\" url_new_window=\"off\" button_text=\"CONTACT US\" button_alignment=\"center\" background_layout=\"dark\" custom_button=\"on\" button_text_color=\"#7f7f80\" button_letter_spacing=\"0\" button_use_icon=\"on\" button_icon=\"%%3%%\" button_icon_color=\"#7f7f80\" button_icon_placement=\"right\" button_on_hover=\"off\" button_text_color_hover=\"#d7dde8\" button_bg_color_hover=\"rgba(255,255,255,0)\" button_border_color_hover=\"#d7dde8\" button_letter_spacing_hover=\"0\" button_border_width=\"0\" button_border_radius=\"0\" button_font=\"Montserrat|on||on|\" button_border_radius_hover=\"0\" button_text_size_phone=\"18\" button_text_size_last_edited=\"off|phone\"]\n\n<br \/>\n\n[\/et_pb_button][\/et_pb_column][\/et_pb_row][\/et_pb_section]","post_title":"Footer Custom 3 (CCT) ----&gt; TOP","post_excerpt":"","post_status":"publish","comment_status":"closed","ping_status":"closed","post_password":"","post_name":"footer-custom-3-cct-top","to_ping":"","pinged":"","post_modified":"2016-08-27 09:10:31","post_modified_gmt":"2016-08-27 07:10:31","post_content_filtered":"","post_parent":0,"menu_order":0,"post_type":"et_pb_layout","post_mime_type":"","comment_count":"0","filter":"raw","post_meta":{"_et_pb_built_for_post_type":["page"],"_wp_trash_meta_status":["publish"],"_wp_trash_meta_time":["1472281207"],"_wp_old_slug":["footer-custom-3-cct-top__trashed"]},"terms":{"5":{"name":"Footer","slug":"footer","taxonomy":"layout_category","parent":0,"description":""},"6":{"name":"global","slug":"global","taxonomy":"scope","parent":0,"description":""},"7":{"name":"regular","slug":"regular","taxonomy":"module_width","parent":0,"description":""},"8":{"name":"section","slug":"section","taxonomy":"layout_type","parent":0,"description":""}}}},"images":[]}