{"context":"et_builder_layouts","data":{"30251":{"ID":30251,"post_date":"2016-12-29 02:43:22","post_date_gmt":"2016-12-29 02:43:22","post_content":"[et_pb_section transparent_background=\"off\" allow_player_pause=\"off\" inner_shadow=\"off\" parallax=\"off\" parallax_method=\"on\" padding_mobile=\"off\" make_fullwidth=\"off\" use_custom_width=\"off\" width_unit=\"off\" custom_width_px=\"1080px\" custom_width_percent=\"80%\" make_equal=\"off\" use_custom_gutter=\"off\" fullwidth=\"on\" specialty=\"off\" admin_label=\"Section\" disabled=\"off\"][et_pb_fullwidth_post_title title=\"off\" meta=\"off\" author=\"on\" date=\"on\" date_format=\"M j, Y\" categories=\"on\" comments=\"on\" featured_image=\"on\" featured_placement=\"above\" parallax_effect=\"off\" parallax_method=\"on\" text_orientation=\"center\" text_color=\"light\" text_background=\"off\" text_bg_color=\"rgba(255,255,255,0.9)\" admin_label=\"Fullwidth Post Title\" title_all_caps=\"off\" use_border_color=\"off\" border_color=\"#ffffff\" border_width=\"1px\" border_style=\"solid\" disabled=\"off\"]\r\n\r\n\r\n\r\n[\/et_pb_fullwidth_post_title][\/et_pb_section][et_pb_section transparent_background=\"off\" background_color=\"#ffffff\" allow_player_pause=\"off\" inner_shadow=\"off\" parallax=\"off\" parallax_method=\"off\" custom_padding=\"0px|||\" padding_mobile=\"off\" make_fullwidth=\"off\" use_custom_width=\"off\" width_unit=\"on\" custom_width_px=\"1080px\" custom_width_percent=\"80%\" make_equal=\"off\" use_custom_gutter=\"off\" fullwidth=\"off\" specialty=\"off\" admin_label=\"section\" disabled=\"off\"][et_pb_row make_fullwidth=\"off\" use_custom_width=\"off\" width_unit=\"on\" custom_width_px=\"1080px\" custom_width_percent=\"80%\" use_custom_gutter=\"off\" gutter_width=\"3\" custom_padding=\"0px||27px|\" padding_mobile=\"off\" allow_player_pause=\"off\" parallax=\"off\" parallax_method=\"off\" make_equal=\"off\" column_padding_mobile=\"on\" parallax_1=\"off\" parallax_method_1=\"off\" parallax_2=\"off\" parallax_method_2=\"on\" parallax_3=\"off\" parallax_method_3=\"on\" parallax_4=\"off\" parallax_method_4=\"on\" admin_label=\"row\" disabled=\"off\"][et_pb_column type=\"4_4\" disabled=\"off\" parallax=\"off\" parallax_method=\"off\" column_padding_mobile=\"on\"][et_pb_text background_layout=\"light\" text_orientation=\"center\" admin_label=\"Title\" text_font=\"Open Sans|on||on|\" text_font_size=\"34\" use_border_color=\"off\" border_style=\"solid\" disabled=\"off\"]\r\n\r\nLight Painting\r\n\r\n[\/et_pb_text][et_pb_text background_layout=\"light\" text_orientation=\"center\" admin_label=\"Description\" text_font=\"Georgia||||\" text_font_size=\"18\" use_border_color=\"off\" border_style=\"solid\" disabled=\"off\"]\r\n\r\nEros platea. Integer, mus est sagittis ac a enim! Scelerisque? Et tempor magna pulvinar sit et ac non, sed pellentesque elementum. Elementum, habitasse scelerisque ac eu lorem auctor natoque nunc tempor velit a turpis vel diam? Pellentesque et cum porta nunc lorem, nunc elementum. Vel augue eu mattis! Enim velit ac facilisis amet sociis duis in eu adipiscing ultricies nec.\r\n\r\n[\/et_pb_text][\/et_pb_column][\/et_pb_row][\/et_pb_section][et_pb_section transparent_background=\"off\" background_color=\"#f8f8f8\" allow_player_pause=\"off\" inner_shadow=\"off\" parallax=\"off\" parallax_method=\"off\" padding_mobile=\"off\" make_fullwidth=\"off\" use_custom_width=\"off\" width_unit=\"on\" custom_width_px=\"1080px\" custom_width_percent=\"80%\" make_equal=\"off\" use_custom_gutter=\"off\" fullwidth=\"off\" specialty=\"off\" admin_label=\"Section\" disabled=\"off\"][et_pb_row make_fullwidth=\"on\" use_custom_width=\"off\" width_unit=\"on\" custom_width_px=\"1080px\" custom_width_percent=\"80%\" use_custom_gutter=\"on\" gutter_width=\"0\" custom_padding=\"|4%||4%\" padding_mobile=\"on\" allow_player_pause=\"off\" parallax=\"off\" parallax_method=\"off\" make_equal=\"off\" column_padding_mobile=\"on\" parallax_1=\"off\" parallax_method_1=\"off\" parallax_2=\"off\" parallax_method_2=\"on\" parallax_3=\"off\" parallax_method_3=\"on\" parallax_4=\"off\" parallax_method_4=\"on\" admin_label=\"Row\" disabled=\"off\"][et_pb_column type=\"4_4\" disabled=\"off\" parallax=\"off\" parallax_method=\"off\" column_padding_mobile=\"on\"][et_pb_gallery gallery_ids=\"29901,29900,29899,29898,30209,30210,30211,30212,30213,30214,30215,30216,30217,30218,30219,30220,30221,30222,30223,30224\" gallery_orderby=\"rand\" fullwidth=\"off\" posts_number=\"20\" show_title_and_caption=\"off\" show_pagination=\"off\" background_layout=\"light\" auto=\"off\" auto_speed=\"7000\" zoom_icon_color=\"#ffffff\" hover_overlay_color=\"rgba(0,0,0,0.76)\" hover_icon=\"%%51%%\" admin_label=\"Gallery\" caption_all_caps=\"off\" use_border_color=\"off\" border_color=\"#ffffff\" border_width=\"1px\" border_style=\"solid\" custom_css_gallery_item=\"padding: 3px;\" disabled=\"off\"]\r\n\r\n\r\n\r\n[\/et_pb_gallery][\/et_pb_column][\/et_pb_row][\/et_pb_section][et_pb_section transparent_background=\"off\" allow_player_pause=\"off\" inner_shadow=\"off\" parallax=\"off\" parallax_method=\"off\" padding_mobile=\"off\" make_fullwidth=\"off\" use_custom_width=\"off\" width_unit=\"on\" make_equal=\"off\" use_custom_gutter=\"off\" fullwidth=\"off\" specialty=\"off\" disabled_on=\"off|off|off\" admin_label=\"Section\" custom_css_main_element=\"border-top: solid 2px #626262;||border-bottom: solid 2px #626262;\" disabled=\"off\" global_module=\"29997\"][et_pb_row make_fullwidth=\"off\" use_custom_width=\"off\" width_unit=\"off\" custom_width_px=\"1080px\" custom_width_percent=\"80%\" use_custom_gutter=\"off\" gutter_width=\"3\" padding_mobile=\"off\" allow_player_pause=\"off\" parallax=\"off\" parallax_method=\"on\" make_equal=\"off\" column_padding_mobile=\"on\" parallax_1=\"off\" parallax_method_1=\"on\" parallax_2=\"off\" parallax_method_2=\"on\" parallax_3=\"off\" parallax_method_3=\"on\" parallax_4=\"off\" parallax_method_4=\"on\" admin_label=\"Row\" disabled=\"off\"][et_pb_column type=\"2_3\" disabled=\"off\" parallax=\"off\" parallax_method=\"on\" column_padding_mobile=\"on\"][et_pb_text background_layout=\"light\" text_orientation=\"left\" admin_label=\"Work With Me\" text_font=\"Open Sans|on||on|\" text_font_size=\"16\" use_border_color=\"off\" border_style=\"solid\" custom_margin=\"||0px|\" custom_padding=\"||10px|\" disabled=\"off\"]\n\n<p>Would you like to work with me?<\/p>\n\n[\/et_pb_text][et_pb_text background_layout=\"light\" text_orientation=\"left\" admin_label=\"Text\" text_font=\"Georgia||||\" use_border_color=\"off\" border_style=\"solid\" disabled=\"off\"]\n\n<p>Eros platea. Integer, mus est sagittis ac a enim! Scelerisque? Et tempor magna pulvinar sit et ac non, sed pellentesque elementum.<\/p>\n\n[\/et_pb_text][\/et_pb_column][et_pb_column type=\"1_3\" disabled=\"off\" parallax=\"off\" parallax_method=\"on\" column_padding_mobile=\"on\"][et_pb_button button_url=\"http:\/\/www.divitests.dev\/about-contact\/\" url_new_window=\"off\" button_text=\"Let's Talk!\" button_alignment=\"center\" background_layout=\"light\" admin_label=\"Button\" custom_button=\"on\" button_text_size=\"16\" button_text_color=\"#666666\" button_border_color=\"#666666\" button_border_radius=\"0\" button_letter_spacing=\"0\" button_font=\"Open Sans|on|||\" button_use_icon=\"default\" button_icon=\"%%108%%\" button_icon_color=\"#666666\" button_icon_placement=\"right\" button_on_hover=\"on\" button_text_color_hover=\"#666666\" button_bg_color_hover=\"rgba(255,255,255,0)\" button_border_color_hover=\"#666666\" button_border_radius_hover=\"0\" button_letter_spacing_hover=\"0\" custom_css_main_element=\"margin-top: 10%;\" disabled=\"off\"]\n\n\n\n[\/et_pb_button][\/et_pb_column][\/et_pb_row][\/et_pb_section][et_pb_section transparent_background=\"off\" allow_player_pause=\"off\" inner_shadow=\"off\" parallax=\"off\" parallax_method=\"off\" padding_mobile=\"off\" make_fullwidth=\"off\" use_custom_width=\"off\" width_unit=\"on\" make_equal=\"off\" use_custom_gutter=\"off\" disabled_on=\"||off\" admin_label=\"section\" disabled=\"off\" global_module=\"29721\"][et_pb_row make_fullwidth=\"off\" use_custom_width=\"off\" width_unit=\"off\" custom_width_px=\"1080px\" custom_width_percent=\"80%\" use_custom_gutter=\"off\" gutter_width=\"3\" padding_mobile=\"off\" allow_player_pause=\"off\" parallax=\"off\" parallax_method=\"on\" make_equal=\"off\" column_padding_mobile=\"on\" parallax_1=\"off\" parallax_method_1=\"on\" parallax_2=\"off\" parallax_method_2=\"on\" parallax_3=\"off\" parallax_method_3=\"on\" parallax_4=\"off\" parallax_method_4=\"on\" admin_label=\"Row\" disabled=\"off\"][et_pb_column type=\"4_4\" disabled=\"off\" parallax=\"off\" parallax_method=\"on\" column_padding_mobile=\"on\"][et_pb_text background_layout=\"light\" text_orientation=\"center\" admin_label=\"Designed by\" use_border_color=\"off\" border_style=\"solid\" disabled=\"off\"]\n\nDesigned by <a href=\"http:\/\/elegantthemes.com\">Elegant Themes <\/a>| Powered by <a href=\"http:\/\/wordpress.org\">WordPress<\/a>\n\n[\/et_pb_text][et_pb_text background_layout=\"light\" text_orientation=\"center\" admin_label=\"Social Icons\" use_border_color=\"off\" border_style=\"solid\" disabled=\"off\"]\n\n<span class=\"divi-twitter-2\"><\/span><span class=\"divi-instagram-2\"><\/span>\n\n[\/et_pb_text][\/et_pb_column][\/et_pb_row][\/et_pb_section]","post_title":"project-layout-3","post_excerpt":"","post_status":"publish","comment_status":"closed","ping_status":"closed","post_password":"","post_name":"project-layout-3","to_ping":"","pinged":"","post_modified":"2016-12-29 02:43:22","post_modified_gmt":"2016-12-29 02:43:22","post_content_filtered":"","post_parent":0,"menu_order":0,"post_type":"et_pb_layout","post_mime_type":"","comment_count":"0","filter":"raw","post_meta":{"_et_pb_built_for_post_type":["project"]},"terms":{"10":{"name":"layout","slug":"layout","taxonomy":"layout_type","parent":0,"description":""},"11":{"name":"not_global","slug":"not_global","taxonomy":"scope","parent":0,"description":""},"12":{"name":"regular","slug":"regular","taxonomy":"module_width","parent":0,"description":""}}}},"images":[]}