{"context":"et_builder_layouts","data":{"25025":{"ID":25025,"post_date":"2016-08-12 22:14:32","post_date_gmt":"2016-08-12 22:14:32","post_content":"[et_pb_section admin_label=\"Section\" fullwidth=\"off\" specialty=\"off\" transparent_background=\"off\" background_color=\"rgba(255,255,255,0)\" allow_player_pause=\"off\" inner_shadow=\"off\" parallax=\"off\" parallax_method=\"off\" padding_mobile=\"on\" make_fullwidth=\"off\" use_custom_width=\"off\" width_unit=\"on\" make_equal=\"off\" use_custom_gutter=\"off\" custom_padding=\"20px||20px|\" disabled_on=\"off|off|\" disabled=\"off\" module_class=\"footer_custom\" template_type=\"section\"][et_pb_row admin_label=\"Row\" disabled_on=\"on|on|\" disabled=\"off\" make_fullwidth=\"off\" use_custom_width=\"off\" width_unit=\"on\" use_custom_gutter=\"off\" padding_mobile=\"off\" allow_player_pause=\"off\" parallax=\"off\" parallax_method=\"off\" make_equal=\"off\" parallax_1=\"off\" parallax_method_1=\"off\" parallax_2=\"off\" parallax_method_2=\"off\" column_padding_mobile=\"on\" module_class=\"row_custom_footer\"][et_pb_column type=\"3_4\"][et_pb_text admin_label=\"LINK MENU\" background_layout=\"dark\" text_orientation=\"left\" text_font=\"Open Sans|on|||\" text_font_size_last_edited=\"off|phone\" text_text_color=\"#ffffff\" text_letter_spacing=\"1px\" text_line_height=\"1.3em\" use_border_color=\"off\" border_color=\"#ffffff\" border_style=\"solid\" custom_margin=\"2%||2%|\" text_font_size_phone=\"13\" module_class=\"footer-module\" disabled=\"off\" disabled_on=\"off|off|\"]\r\n\r\nAbout us \u00a0 Service \u00a0 Blog \u00a0 Support \u00a0 Portfolio \u00a0 Testimonials\r\n\r\n[\/et_pb_text][\/et_pb_column][et_pb_column type=\"1_4\"][et_pb_blurb admin_label=\"CALL\" url_new_window=\"off\" use_icon=\"on\" font_icon=\"%%264%%\" icon_color=\"#ffffff\" use_circle=\"off\" circle_color=\"#7EBEC5\" use_circle_border=\"off\" circle_border_color=\"#7EBEC5\" icon_placement=\"left\" animation=\"bottom\" background_layout=\"dark\" text_orientation=\"center\" use_icon_font_size=\"on\" icon_font_size=\"20px\" icon_font_size_last_edited=\"off|phone\" body_font=\"Lato||||\" body_font_size=\"16\" body_text_color=\"#fcfcfc\" body_letter_spacing=\"1px\" body_line_height=\"1.4em\" use_border_color=\"off\" border_color=\"#ffffff\" border_style=\"solid\" disabled=\"off\" disabled_on=\"off|off|\" custom_css_blurb_image=\"margin-bottom: 10px !important;\" header_font_size_phone=\"15\" header_font_size_last_edited=\"off|phone\" body_font_size_phone=\"14\" body_font_size_last_edited=\"off|phone\" custom_padding=\"12px|||10px\"]\r\n\r\n+45 6789 9078\r\n\r\n[\/et_pb_blurb][\/et_pb_column][\/et_pb_row][et_pb_row admin_label=\"Row\" make_fullwidth=\"off\" use_custom_width=\"off\" width_unit=\"on\" use_custom_gutter=\"off\" custom_padding=\"0px||0px|\" padding_mobile=\"on\" allow_player_pause=\"off\" parallax=\"off\" parallax_method=\"off\" make_equal=\"off\" parallax_1=\"off\" parallax_method_1=\"off\" column_padding_mobile=\"on\" disabled=\"off\" disabled_on=\"on|on|\" module_class=\"row_custom_footer\"][et_pb_column type=\"4_4\"][et_pb_divider admin_label=\"Divider\" color=\"#ffffff\" show_divider=\"on\" divider_style=\"solid\" divider_position=\"center\" hide_on_mobile=\"off\"]\r\n\r\n&nbsp;\r\n\r\n[\/et_pb_divider][\/et_pb_column][\/et_pb_row][et_pb_row admin_label=\"Row\" make_fullwidth=\"off\" use_custom_width=\"off\" width_unit=\"on\" use_custom_gutter=\"off\" padding_mobile=\"off\" allow_player_pause=\"off\" parallax=\"off\" parallax_method=\"off\" make_equal=\"off\" parallax_1=\"off\" parallax_method_1=\"off\" parallax_2=\"off\" parallax_method_2=\"off\" column_padding_mobile=\"on\" module_class=\"row_custom_footer\" disabled_on=\"on|on|\" disabled=\"off\"][et_pb_column type=\"3_4\"][et_pb_text admin_label=\"Copyright\" background_layout=\"dark\" text_orientation=\"left\" text_font=\"Open Sans|on|||\" text_font_size_last_edited=\"off|phone\" text_text_color=\"#ffffff\" text_letter_spacing=\"1px\" text_line_height=\"1.3em\" use_border_color=\"off\" border_color=\"#ffffff\" border_style=\"solid\" text_font_size_phone=\"12\" text_font_size=\"13\" disabled=\"off\" disabled_on=\"off|off|\"]\r\n\r\n<em>Made in Italy with love<\/em>\r\n\u00a9 2016 CREATIVE CHILD THEMES | All rights reserved\r\n\r\n[\/et_pb_text][\/et_pb_column][et_pb_column type=\"1_4\"][et_pb_social_media_follow admin_label=\"Social Media Follow\" link_shape=\"circle\" background_layout=\"light\" url_new_window=\"off\" follow_button=\"off\" module_class=\"social_footer_custom\" disabled_on=\"off|off|\" disabled=\"off\"] [et_pb_social_media_follow_network social_network=\"facebook\" url=\"#\" skype_action=\"call\" bg_color=\"rgba(59,89,152,0)\"]\r\n\r\nfacebook\r\n\r\n[\/et_pb_social_media_follow_network][et_pb_social_media_follow_network social_network=\"twitter\" url=\"#\" skype_action=\"call\" bg_color=\"rgba(0,172,237,0)\"]\r\n\r\nTwitter\r\n\r\n[\/et_pb_social_media_follow_network][et_pb_social_media_follow_network social_network=\"dribbble\" url=\"#\" skype_action=\"call\" bg_color=\"rgba(234,76,141,0)\"]\r\n\r\ndribbble\r\n\r\n[\/et_pb_social_media_follow_network][et_pb_social_media_follow_network social_network=\"instagram\" url=\"#\" skype_action=\"call\" bg_color=\"rgba(81,127,164,0)\"]\r\n\r\nInstagram\r\n\r\n[\/et_pb_social_media_follow_network] [\/et_pb_social_media_follow][\/et_pb_column][\/et_pb_row][et_pb_row admin_label=\"Row\" make_fullwidth=\"off\" use_custom_width=\"off\" width_unit=\"on\" use_custom_gutter=\"off\" custom_padding=\"0px||0px|\" padding_mobile=\"on\" allow_player_pause=\"off\" parallax=\"off\" parallax_method=\"off\" make_equal=\"off\" parallax_1=\"off\" parallax_method_1=\"off\" column_padding_mobile=\"on\" disabled=\"off\" disabled_on=\"||on\" module_class=\"row_custom_footer\"][et_pb_column type=\"4_4\"][et_pb_text admin_label=\"LINK MENU\" background_layout=\"dark\" text_orientation=\"center\" text_font=\"Open Sans|on|||\" text_font_size_last_edited=\"off|phone\" text_text_color=\"#ffffff\" text_letter_spacing=\"1px\" text_line_height=\"1.3em\" use_border_color=\"off\" border_color=\"#ffffff\" border_style=\"solid\" custom_margin=\"2%||2%|\" text_font_size_phone=\"13\" module_class=\"footer-module\" disabled=\"off\" disabled_on=\"||off\"]\r\n\r\nAbout us \u00a0 Service \u00a0 Blog \u00a0 Support \u00a0 Portfolio \u00a0 Testimonials\r\n\r\n[\/et_pb_text][et_pb_blurb admin_label=\"CALL\" url_new_window=\"off\" use_icon=\"on\" font_icon=\"%%264%%\" icon_color=\"#ffffff\" use_circle=\"off\" circle_color=\"#7EBEC5\" use_circle_border=\"off\" circle_border_color=\"#7EBEC5\" icon_placement=\"top\" animation=\"bottom\" background_layout=\"dark\" text_orientation=\"center\" use_icon_font_size=\"on\" icon_font_size=\"20px\" icon_font_size_last_edited=\"off|phone\" body_font=\"Lato||||\" body_font_size=\"16\" body_text_color=\"#fcfcfc\" body_letter_spacing=\"1px\" body_line_height=\"1.4em\" use_border_color=\"off\" border_color=\"#ffffff\" border_style=\"solid\" disabled=\"off\" disabled_on=\"off|off|off\" custom_css_blurb_image=\"margin-bottom: 10px !important;\" header_font_size_phone=\"15\" header_font_size_last_edited=\"off|phone\" body_font_size_phone=\"14\" body_font_size_last_edited=\"off|phone\" custom_padding=\"12px|||10px\"]\r\n\r\n+45 6789 9078\r\n\r\n[\/et_pb_blurb][et_pb_divider admin_label=\"Divider\" color=\"#ffffff\" show_divider=\"on\" divider_style=\"solid\" divider_position=\"center\" hide_on_mobile=\"off\"]\r\n\r\n&nbsp;\r\n\r\n[\/et_pb_divider][et_pb_text admin_label=\"Copyright\" background_layout=\"dark\" text_orientation=\"center\" text_font=\"Open Sans|on|||\" text_font_size_last_edited=\"off|phone\" text_text_color=\"#ffffff\" text_letter_spacing=\"1px\" text_line_height=\"1.3em\" use_border_color=\"off\" border_color=\"#ffffff\" border_style=\"solid\" text_font_size_phone=\"12\" text_font_size=\"13\" disabled=\"off\" disabled_on=\"||off\" custom_padding=\"30px|||\"]\r\n\r\n<em>Made in Italy with love<\/em>\r\n\u00a9 2016 CREATIVE CHILD THEMES | All rights reserved\r\n\r\n[\/et_pb_text][et_pb_social_media_follow admin_label=\"Social Media Follow\" link_shape=\"circle\" background_layout=\"light\" url_new_window=\"off\" follow_button=\"off\" module_class=\"social_footer_custom\" disabled=\"off\" disabled_on=\"||off\"] [et_pb_social_media_follow_network social_network=\"facebook\" url=\"#\" skype_action=\"call\" bg_color=\"rgba(59,89,152,0)\"]\r\n\r\nfacebook\r\n\r\n[\/et_pb_social_media_follow_network][et_pb_social_media_follow_network social_network=\"twitter\" url=\"#\" skype_action=\"call\" bg_color=\"rgba(0,172,237,0)\"]\r\n\r\nTwitter\r\n\r\n[\/et_pb_social_media_follow_network][et_pb_social_media_follow_network social_network=\"dribbble\" url=\"#\" skype_action=\"call\" bg_color=\"rgba(234,76,141,0)\"]\r\n\r\ndribbble\r\n\r\n[\/et_pb_social_media_follow_network][et_pb_social_media_follow_network social_network=\"instagram\" url=\"#\" skype_action=\"call\" bg_color=\"rgba(81,127,164,0)\"]\r\n\r\nInstagram\r\n\r\n[\/et_pb_social_media_follow_network] [\/et_pb_social_media_follow][\/et_pb_column][\/et_pb_row][\/et_pb_section]","post_title":"Footer Custom 5 (CCT)","post_excerpt":"","post_status":"publish","comment_status":"closed","ping_status":"closed","post_password":"","post_name":"footer-custom-5-cct","to_ping":"","pinged":"","post_modified":"2016-08-12 22:32:49","post_modified_gmt":"2016-08-12 22:32:49","post_content_filtered":"","post_parent":0,"menu_order":0,"post_type":"et_pb_layout","post_mime_type":"","comment_count":"0","filter":"raw","post_meta":{"_et_pb_built_for_post_type":["page"],"_et_pb_use_builder":["on"],"_et_pb_ab_bounce_rate_limit":["5"],"_et_pb_ab_stats_refresh_interval":["hourly"],"_et_pb_old_content":[""],"_et_pb_enable_shortcode_tracking":[""],"_et_pb_custom_css":[""],"_et_pb_light_text_color":["#FFFFFF"],"_et_pb_dark_text_color":["#666666"],"_et_pb_content_area_background_color":[""],"_et_pb_section_background_color":["#FFFFFF"]},"terms":{"21":{"name":"Footer","slug":"footer","taxonomy":"layout_category","parent":0,"description":""},"24":{"name":"global","slug":"global","taxonomy":"scope","parent":0,"description":""},"6":{"name":"regular","slug":"regular","taxonomy":"module_width","parent":0,"description":""},"5":{"name":"section","slug":"section","taxonomy":"layout_type","parent":0,"description":""}}}},"images":[]}