{"context":"et_builder_layouts","data":{"25582":{"ID":25582,"post_date":"2016-07-06 18:10:04","post_date_gmt":"2016-07-06 16:10:04","post_content":"[et_pb_section admin_label=\"section\" transparent_background=\"off\" background_color=\"#555555\" allow_player_pause=\"off\" inner_shadow=\"off\" parallax=\"on\" parallax_method=\"on\" custom_padding=\"0px|0px|0px|0px\" padding_mobile=\"on\" make_fullwidth=\"off\" use_custom_width=\"off\" width_unit=\"on\" make_equal=\"off\" use_custom_gutter=\"off\" background_image=\"http:\/\/localhost:8888\/wp\/wp-content\/uploads\/2016\/07\/013-2.jpg\"][et_pb_row admin_label=\"Row\" make_fullwidth=\"on\" use_custom_width=\"off\" width_unit=\"off\" custom_width_percent=\"100%\" use_custom_gutter=\"on\" padding_mobile=\"on\" allow_player_pause=\"off\" parallax=\"off\" parallax_method=\"off\" make_equal=\"on\" parallax_1=\"on\" parallax_method_1=\"on\" parallax_2=\"off\" parallax_method_2=\"off\" column_padding_mobile=\"on\" gutter_width=\"1\" custom_padding=\"0px|0px|0px|0px\" custom_margin=\"0px||0px|\" background_color_2=\"#ea1d63\" padding_top_2=\"11%\" padding_right_2=\"9%\" padding_bottom_2=\"11%\" padding_left_2=\"9%\" padding_2_tablet=\"8%|4%|7%|4%\" padding_2_phone=\"6%|4%|6%|4%\" padding_2_last_edited=\"on|desktop\" bg_img_1=\"http:\/\/localhost:8888\/wp-content\/uploads\/2016\/07\/013-1.jpg\"][et_pb_column type=\"1_2\"][et_pb_text admin_label=\"Text\" background_layout=\"light\" text_orientation=\"center\" text_text_color=\"#cdcece\" use_border_color=\"off\" border_color=\"#ffffff\" border_style=\"solid\" custom_margin=\"25%||2%|\" text_font_size=\"24\" text_font=\"Roboto||||\"]\n\nBeginner's Guide\n\n[\/et_pb_text][et_pb_text admin_label=\"Text\" background_layout=\"light\" text_orientation=\"center\" text_font_size_last_edited=\"on|tablet\" text_text_color=\"#ffffff\" use_border_color=\"off\" border_color=\"#ffffff\" border_style=\"solid\" text_font_size=\"72\" text_font=\"Roboto|on|||\" text_font_size_tablet=\"52\" text_line_height=\"1.1em\"]\n\nA Swim in\nThe Ocean\n\n[\/et_pb_text][et_pb_text admin_label=\"Text\" background_layout=\"light\" text_orientation=\"center\" text_text_color=\"#ffffff\" use_border_color=\"off\" border_color=\"#ffffff\" border_style=\"solid\" custom_margin=\"||25%|\" text_font_size=\"52\" text_font=\"Roboto||||\"]\n\n<img class=\"alignnone size-full wp-image-5398\" style=\"margin-top: 32px; margin-bottom:15px;\" src=\"http:\/\/localhost:8888\/wp\/wp-content\/uploads\/2016\/07\/thumb.png\" alt=\"thumb\" width=\"60\" height=\"60\">\n<h3><span style=\"color: #ffffff\">Rick F.<\/span><\/h3>\n<h5><span style=\"color: #cdcece\">Designer at Ciao<\/span><\/h5>\n\n[\/et_pb_text][\/et_pb_column][et_pb_column type=\"1_2\"][et_pb_text admin_label=\"Text\" background_layout=\"light\" text_orientation=\"left\" max_width=\"400px\" text_font=\"Roboto||||\" text_font_size=\"36px\" text_text_color=\"#ffffff\" use_border_color=\"off\" border_color=\"#ffffff\" border_style=\"solid\" text_line_height=\"1em\" text_font_size_last_edited=\"on|phone\" custom_margin_last_edited=\"on|desktop\" custom_margin_tablet=\"15%|10%||\" custom_css_main_element=\"font-weight: 500;\" max_width_tablet=\"100%\" max_width_last_edited=\"on|phone\"]\n\nOpen Water Swimming\n\n[\/et_pb_text][et_pb_text admin_label=\"Text\" background_layout=\"light\" text_orientation=\"left\" max_width=\"500px\" text_font=\"Roboto||||\" text_font_size=\"24\" text_text_color=\"#ffffff\" use_border_color=\"off\" border_color=\"#ffffff\" border_style=\"solid\" text_line_height=\"1.4em\" text_font_size_last_edited=\"on|desktop\" custom_margin=\"5%|||\" custom_margin_last_edited=\"on|phone\" custom_css_main_element=\"font-weight:400;\" max_width_tablet=\"100%\" max_width_last_edited=\"on|phone\" custom_margin_tablet=\"3%|||\" custom_margin_phone=\"7%|||\"]\n\nLorem ipsum dolor sit amet, consect elit. Phasellus ac magna non augue port titor scelerisque ac id diam. Mauris elit velit, lobortis sed interdum at.\n\n[\/et_pb_text][et_pb_text admin_label=\"Text\" background_layout=\"light\" text_orientation=\"left\" max_width=\"440px\" text_font=\"Roboto||||\" text_font_size=\"18\" text_text_color=\"#ffffff\" use_border_color=\"off\" border_color=\"#ffffff\" border_style=\"solid\" text_line_height=\"1.4em\" text_font_size_last_edited=\"on|desktop\" custom_margin=\"5%|||\" custom_margin_last_edited=\"on|phone\" custom_css_main_element=\"font-weight:300;\" max_width_tablet=\"100%\" max_width_last_edited=\"on|desktop\" custom_margin_tablet=\"3%|||\" custom_margin_phone=\"7%|||\"]\n\nProin ut quam eros. Donec sed lobortis diam. Nulla nec odio lacus. Quisque porttitor egestas dolor in placerat. Nunc vehicula dapibus ipsum. Duis venena tis risus non nunc ferme ntum dapibus. Morbi lorem ante, male suada in mollis nec, auctor nec massa. Aenean tempus dui eget felis blandit at fringilla urna ultrices. Suspendisse feugiat.\n\n[\/et_pb_text][et_pb_text admin_label=\"Text\" background_layout=\"light\" text_orientation=\"left\" max_width=\"400px\" text_font=\"Roboto||||\" text_font_size=\"16\" text_text_color=\"#ffffff\" use_border_color=\"off\" border_color=\"#ffffff\" border_style=\"solid\" text_line_height=\"1em\" text_font_size_last_edited=\"on|desktop\" custom_margin=\"8%|||\" custom_margin_last_edited=\"on|phone\" custom_css_main_element=\"font-weight: 500;\" custom_padding=\"||60px|\" custom_margin_tablet=\"4%|||\" custom_margin_phone=\"10%|||\"]\n\n<span style=\"text-decoration: underline\"><a style=\"color: #ffffff;text-decoration: underline\" href=\"#\">READ MORE<\/a><\/span>\n\n[\/et_pb_text][\/et_pb_column][\/et_pb_row][\/et_pb_section][et_pb_section admin_label=\"section\" transparent_background=\"off\" background_color=\"#555555\" allow_player_pause=\"off\" inner_shadow=\"off\" parallax=\"on\" parallax_method=\"on\" custom_padding=\"0px|0px|0px|0px\" padding_mobile=\"on\" make_fullwidth=\"off\" use_custom_width=\"off\" width_unit=\"on\" make_equal=\"off\" use_custom_gutter=\"off\" disabled_on=\"off|off|off\" disabled=\"off\" background_image=\"http:\/\/localhost:8888\/wp\/wp-content\/uploads\/2016\/07\/022-3.jpg\"][et_pb_row admin_label=\"Row\" make_fullwidth=\"on\" use_custom_width=\"off\" width_unit=\"off\" custom_width_percent=\"100%\" use_custom_gutter=\"on\" padding_mobile=\"on\" allow_player_pause=\"off\" parallax=\"off\" parallax_method=\"off\" make_equal=\"off\" parallax_1=\"on\" parallax_method_1=\"on\" parallax_2=\"off\" parallax_method_2=\"off\" column_padding_mobile=\"on\" gutter_width=\"1\" custom_padding=\"0px|0px|0px|0px\" custom_margin=\"0px||0px|\" background_color_2=\"rgba(0,0,0,0)\" padding_2_last_edited=\"on|desktop\" background_color_1=\"#ea1d63\"][et_pb_column type=\"1_2\"][et_pb_text admin_label=\"Microphone\" background_layout=\"light\" text_orientation=\"center\" use_border_color=\"off\" border_color=\"#ffffff\" border_style=\"solid\" custom_css_main_element=\"font-weight:400;\" text_text_color=\"#ffffff\" text_font=\"Roboto||||\" text_font_size=\"48\" text_line_height=\"1em\" text_font_size_last_edited=\"on|desktop\" custom_padding=\"26%||26%|\"]\n\n<img class=\"size-full wp-image-5468 aligncenter\" style=\"margin-bottom: 43px\" src=\"http:\/\/localhost:8888\/wp\/wp-content\/uploads\/2016\/07\/02-01.png\" alt=\"02-01\" width=\"72\" height=\"126\">Microphone\n<p style=\"margin-top: -26px;margin-bottom: 10px;font-size: 20px;font-weight: 300;line-height: 140%\">In facilisis scelerisque dui vel dignissim.\nSed nunc orci, ultriciescongue vehicula.\nIn aliquet facilisis condime.<\/p>\n<p style=\"font-size: 16px;font-weight: 500\"><a style=\"text-decoration: underline;color: #ffffff\" href=\"\">READ MORE<\/a><\/p>\n\n[\/et_pb_text][\/et_pb_column][et_pb_column type=\"1_2\"][et_pb_text admin_label=\"Alarm Clock\" background_layout=\"light\" text_orientation=\"center\" use_border_color=\"off\" border_color=\"#ffffff\" border_style=\"solid\" custom_css_main_element=\"font-weight:400;\" text_text_color=\"#ffffff\" text_font=\"Roboto||||\" text_font_size=\"48\" text_line_height=\"1em\" text_font_size_last_edited=\"on|desktop\" custom_padding=\"26%||26%|\"]\n\n<img class=\"size-full wp-image-5468 aligncenter\" style=\"margin-bottom: 43px\" src=\"http:\/\/localhost:8888\/wp\/wp-content\/uploads\/2016\/07\/01-02.png\" alt=\"02-01\">Microphone\n<p style=\"margin-top: -26px;margin-bottom: 10px;font-size: 20px;font-weight: 300;line-height: 140%\">In facilisis scelerisque dui vel dignissim.\nSed nunc orci, ultriciescongue vehicula.\nIn aliquet facilisis condime.<\/p>\n<p style=\"font-size: 16px;font-weight: 500\"><a style=\"text-decoration: underline;color: #ffffff\" href=\"\">READ MORE<\/a><\/p>\n\n[\/et_pb_text][\/et_pb_column][\/et_pb_row][\/et_pb_section][et_pb_section admin_label=\"section\" transparent_background=\"off\" background_color=\"#555555\" allow_player_pause=\"off\" inner_shadow=\"off\" parallax=\"on\" parallax_method=\"on\" custom_padding=\"0px|0px|0px|0px\" padding_mobile=\"on\" make_fullwidth=\"off\" use_custom_width=\"off\" width_unit=\"on\" make_equal=\"off\" use_custom_gutter=\"off\" disabled_on=\"off|off|off\" disabled=\"off\" background_image=\"http:\/\/localhost:8888\/wp\/wp-content\/uploads\/2016\/07\/03-2.jpg\"][et_pb_row admin_label=\"Row\" make_fullwidth=\"on\" use_custom_width=\"off\" width_unit=\"off\" custom_width_percent=\"100%\" use_custom_gutter=\"on\" padding_mobile=\"on\" allow_player_pause=\"off\" parallax=\"off\" parallax_method=\"off\" make_equal=\"on\" parallax_1=\"off\" parallax_method_1=\"on\" parallax_2=\"off\" parallax_method_2=\"off\" column_padding_mobile=\"on\" gutter_width=\"1\" custom_padding=\"0px|0px|0px|0px\" custom_margin=\"0px||0px|\" background_color_2=\"#ea1d63\" padding_top_2=\"7.5%\" padding_right_2=\"9%\" padding_left_2=\"9%\" padding_2_tablet=\"8%|4%|7%|4%\" padding_2_phone=\"6%|4%|6%|4%\" padding_2_last_edited=\"on|desktop\"][et_pb_column type=\"1_2\"][et_pb_text admin_label=\"Text\" background_layout=\"light\" text_orientation=\"left\" text_font_size=\"32\" text_font_size_last_edited=\"on|phone\" text_text_color=\"#d4d4d4\" use_border_color=\"off\" border_color=\"#ffffff\" border_style=\"solid\" custom_margin=\"25%||4%|8%\" text_font=\"Roboto||||\" text_font_size_phone=\"28\"]\n\nArticle\n\n[\/et_pb_text][et_pb_text admin_label=\"Text\" background_layout=\"light\" text_orientation=\"left\" text_font_size=\"72\" text_font_size_last_edited=\"on|phone\" text_text_color=\"#ffffff\" use_border_color=\"off\" border_color=\"#ffffff\" border_style=\"solid\" custom_margin=\"||4%|8%\" custom_css_main_element=\"font-weight:500;\" text_font=\"Roboto||||\" text_line_height=\"1em\" text_font_size_tablet=\"52\"]\n\nHow to Wash\na Dress Shirt\n\n[\/et_pb_text][et_pb_text admin_label=\"Text\" background_layout=\"light\" text_orientation=\"left\" text_text_color=\"#b7b7b8\" use_border_color=\"off\" border_color=\"#ffffff\" border_style=\"solid\" custom_margin=\"||20%|8%\" custom_css_main_element=\"font-weight:500;\" text_font=\"Roboto|on|||\" text_line_height=\"1.1em\" text_font_size=\"13\"]\n\nSHARE THIS:\n<p><a href=\" #\"><img style=\"margin-right:2%\" class=\"alignnone size-medium wp-image-5543\" src=\"http:\/\/localhost:8888\/wp\/wp-content\/uploads\/2016\/07\/01-fb.png\" alt=\"01-fb\" width=\"9\" height=\"18\"> <\/a>     <a href=\"#\"><img class=\"alignnone size-medium wp-image-5544\" src=\"http:\/\/localhost:8888\/wp\/wp-content\/uploads\/2016\/07\/02-twitter.png\" alt=\"02-twitter\" width=\"23\" height=\"18\"><\/a><\/p>\n\n[\/et_pb_text][\/et_pb_column][et_pb_column type=\"1_2\"][et_pb_text admin_label=\"Text\" background_layout=\"light\" text_orientation=\"left\" max_width=\"500px\" text_font=\"Roboto||||\" text_font_size=\"36px\" text_text_color=\"#ffffff\" use_border_color=\"off\" border_color=\"#ffffff\" border_style=\"solid\" text_line_height=\"1em\" text_font_size_last_edited=\"on|phone\" custom_margin_last_edited=\"on|desktop\" custom_margin_tablet=\"15%|10%||\" custom_css_main_element=\"font-weight: 500;\" max_width_tablet=\"100%\" max_width_last_edited=\"on|desktop\"]\n\nTips On Washing\n\n[\/et_pb_text][et_pb_text admin_label=\"Text\" background_layout=\"light\" text_orientation=\"left\" max_width=\"500px\" text_font=\"Roboto||||\" text_font_size=\"24\" text_text_color=\"#ffffff\" use_border_color=\"off\" border_color=\"#ffffff\" border_style=\"solid\" text_line_height=\"1.4em\" text_font_size_last_edited=\"on|desktop\" custom_margin=\"5%|||\" custom_margin_last_edited=\"on|phone\" custom_css_main_element=\"font-weight:400;\" max_width_tablet=\"100%\" max_width_last_edited=\"on|phone\" custom_margin_tablet=\"3%|||\" custom_margin_phone=\"7%|||\"]\n\nLorem ipsum dolor sit amet, consect elit. Phasellus ac magna non augue port titor scelerisque ac id diam. Mauris elit velit, lobortis sed interdum at.\n\n[\/et_pb_text][et_pb_text admin_label=\"Text\" background_layout=\"light\" text_orientation=\"left\" max_width=\"440px\" text_font=\"Roboto||||\" text_font_size=\"18\" text_text_color=\"#ffffff\" use_border_color=\"off\" border_color=\"#ffffff\" border_style=\"solid\" text_line_height=\"1.4em\" text_font_size_last_edited=\"on|desktop\" custom_margin=\"5%|||\" custom_margin_last_edited=\"on|tablet\" custom_css_main_element=\"font-weight:300;\" max_width_tablet=\"100%\" max_width_last_edited=\"on|desktop\" custom_margin_tablet=\"3%|||\" custom_margin_phone=\"7%|||\"]\n\nProin ut quam eros. Donec sed lobortis diam. Nulla nec odio lacus. Quisque porttitor egestas dolor in placerat. Nunc vehicula dapibus ipsum. Duis venena tis risus non nunc ferme ntum dapibus. Morbi lorem ante, male suada in mollis nec, auctor nec massa. Aenean tempus dui eget felis blandit at fringilla urna ultrices. Suspendisse feugiat.\n\n[\/et_pb_text][et_pb_text admin_label=\"Text\" background_layout=\"light\" text_orientation=\"left\" max_width=\"400px\" text_font=\"Roboto||||\" text_font_size=\"16\" text_text_color=\"#ffffff\" use_border_color=\"off\" border_color=\"#ffffff\" border_style=\"solid\" text_line_height=\"1em\" text_font_size_last_edited=\"on|desktop\" custom_margin=\"8%||20%|\" custom_margin_last_edited=\"on|phone\" custom_css_main_element=\"font-weight: 500;\" custom_margin_tablet=\"6%||20%|\" custom_margin_phone=\"10%||20%|\"]\n\n<span style=\"text-decoration: underline\"><a style=\"color: #ffffff;text-decoration: underline\" href=\"#\">READ MORE<\/a><\/span>\n\n[\/et_pb_text][\/et_pb_column][\/et_pb_row][\/et_pb_section][et_pb_section admin_label=\"section\" transparent_background=\"off\" background_color=\"#ffffff\" allow_player_pause=\"off\" inner_shadow=\"off\" parallax=\"off\" parallax_method=\"off\" custom_padding=\"0px|0px|0px|0px\" padding_mobile=\"on\" make_fullwidth=\"off\" use_custom_width=\"off\" width_unit=\"on\" make_equal=\"off\" use_custom_gutter=\"off\" disabled_on=\"off|off|off\" disabled=\"off\"][et_pb_row admin_label=\"Row\" make_fullwidth=\"on\" use_custom_width=\"off\" width_unit=\"off\" custom_width_percent=\"100%\" use_custom_gutter=\"on\" padding_mobile=\"on\" background_color=\"#ffffff\" allow_player_pause=\"off\" parallax=\"off\" parallax_method=\"off\" make_equal=\"on\" parallax_1=\"off\" parallax_method_1=\"off\" parallax_2=\"off\" parallax_method_2=\"off\" column_padding_mobile=\"on\" gutter_width=\"1\" custom_padding=\"0px|0px|0px|0px\" custom_margin=\"0px||0px|\" background_color_2=\"#111314\" padding_2_tablet=\"8%|4%|7%|4%\" padding_2_phone=\"6%|4%|6%|4%\" padding_2_last_edited=\"on|desktop\" background_color_1=\"#ea1d63\"][et_pb_column type=\"1_2\"][et_pb_cta admin_label=\"Basic Plan\" title=\"Basic\" button_url=\"#\" url_new_window=\"off\" button_text=\"FREE TRIAL\" use_background_color=\"off\" background_color=\"#7EBEC5\" background_layout=\"dark\" text_orientation=\"center\" header_text_color=\"#ffffff\" body_text_color=\"#ffffff\" use_border_color=\"off\" border_color=\"#ffffff\" border_style=\"solid\" custom_padding=\"24%||24%|\" custom_button=\"on\" button_letter_spacing=\"0\" button_use_icon=\"on\" button_icon_placement=\"right\" button_on_hover=\"on\" button_letter_spacing_hover=\"0\" custom_css_main_element=\"height: 100%||font-weight:300;\" custom_css_promo_description=\"font-weight:300;||\" custom_css_promo_button=\"margin-top:9px;||width:168px;||padding-top:18px;||padding-bottom:18px;\" custom_css_promo_title=\"margin-bottom:20px;\" header_font=\"Roboto||||\" header_font_size=\"64\" body_font=\"Roboto||||\" body_font_size=\"18\" body_line_height=\"2.1em\" button_text_size=\"15\" button_text_color=\"#ffffff\" button_bg_color=\"rgba(0,0,0,0)\" button_border_color=\"rgba(255,255,255,0.51)\" button_border_radius=\"4\" button_font=\"Roboto|on|||\" button_text_color_hover=\"#ffffff\" button_bg_color_hover=\"rgba(0,0,0,0)\" button_border_color_hover=\"rgba(255,255,255,0.51)\" button_border_radius_hover=\"4\"]\n\n<span style=\"font-size:48px;margin-bottom:10px;font-weight:500\">$18<\/span>\n\n<strong> <img style=\"margin: -5px 10px 2px 0px\" src=\"http:\/\/localhost:8888\/wp\/wp-content\/uploads\/2016\/07\/05-05-1.png\" alt=\"05-05\" width=\"19\" height=\"16\" class=\"alignnone size-full wp-image-5612\">Unlimited Bandwidth and Storage<\/strong>\n<strong> <img style=\"margin: -5px 10px 2px 0px\" src=\"http:\/\/localhost:8888\/wp\/wp-content\/uploads\/2016\/07\/05-05-1.png\" alt=\"05-05\" width=\"19\" height=\"16\" class=\"alignnone size-full wp-image-5612\"> Mobile-Optimized Website<\/strong>\nPowerful Metrics\n24\/7 Customer Support\n\n[\/et_pb_cta][\/et_pb_column][et_pb_column type=\"1_2\"][et_pb_cta admin_label=\"Advance Plan\" title=\"Advance\" button_url=\"#\" url_new_window=\"off\" button_text=\"FREE TRIAL\" use_background_color=\"off\" background_color=\"#7EBEC5\" background_layout=\"dark\" text_orientation=\"center\" header_text_color=\"#ffffff\" body_text_color=\"#ffffff\" use_border_color=\"off\" border_color=\"#ffffff\" border_style=\"solid\" custom_padding=\"20%||20%|\" custom_button=\"on\" button_letter_spacing=\"0\" button_use_icon=\"on\" button_icon_placement=\"right\" button_on_hover=\"on\" button_letter_spacing_hover=\"0\" custom_css_main_element=\"height: 100%||font-weight:300;\" custom_css_promo_description=\"font-weight:300;||\" custom_css_promo_button=\"margin-top:9px;||width:168px;||padding-top:18px;||padding-bottom:18px;\" custom_css_promo_title=\"margin-bottom:20px;\" header_font=\"Roboto||||\" header_font_size=\"64\" body_font=\"Roboto||||\" body_font_size=\"18\" body_line_height=\"2.1em\" button_text_size=\"15\" button_text_color=\"#ffffff\" button_bg_color=\"rgba(0,0,0,0)\" button_border_color=\"rgba(255,255,255,0.51)\" button_border_radius=\"4\" button_font=\"Roboto|on|||\" button_text_color_hover=\"#ffffff\" button_bg_color_hover=\"rgba(0,0,0,0)\" button_border_color_hover=\"rgba(255,255,255,0.51)\" button_border_radius_hover=\"4\"]\n\n<span style=\"font-size:48px;margin-bottom:10px;font-weight:500\">$48<\/span>\n\n<strong> <img style=\"margin: -5px 10px 2px 0px\" src=\"http:\/\/localhost:8888\/wp\/wp-content\/uploads\/2016\/07\/05-05-1.png\" alt=\"05-05\" width=\"19\" height=\"16\" class=\"alignnone size-full wp-image-5612\">Unlimited Bandwidth and Storage<\/strong>\n<strong> <img style=\"margin: -5px 10px 2px 0px\" src=\"http:\/\/localhost:8888\/wp\/wp-content\/uploads\/2016\/07\/05-05-1.png\" alt=\"05-05\" width=\"19\" height=\"16\" class=\"alignnone size-full wp-image-5612\"> Mobile-Optimized Website<\/strong>\n<strong><img style=\"margin: -5px 10px 2px 0px\" src=\"http:\/\/localhost:8888\/wp\/wp-content\/uploads\/2016\/07\/05-05-1.png\" alt=\"05-05\" width=\"19\" height=\"16\" class=\"alignnone size-full wp-image-5612\"> Powerful Metrics<\/strong>\n<strong><img style=\"margin: -5px 10px 2px 0px\" src=\"http:\/\/localhost:8888\/wp\/wp-content\/uploads\/2016\/07\/05-05-1.png\" alt=\"05-05\" width=\"19\" height=\"16\" class=\"alignnone size-full wp-image-5612\"> 24\/7 Customer Support<\/strong>\n\n[\/et_pb_cta][\/et_pb_column][\/et_pb_row][\/et_pb_section]","post_title":"Split Screen Layout Kit","post_excerpt":"","post_status":"publish","comment_status":"closed","ping_status":"closed","post_password":"","post_name":"split-screen-layout-kit-3","to_ping":"","pinged":"","post_modified":"2016-07-06 18:10:04","post_modified_gmt":"2016-07-06 16:10:04","post_content_filtered":"","post_parent":0,"menu_order":0,"post_type":"et_pb_layout","post_mime_type":"","comment_count":"0","filter":"raw","post_meta":{"_et_pb_built_for_post_type":["page"]},"terms":{"7":{"name":"layout","slug":"layout","taxonomy":"layout_type","parent":0,"description":""},"6":{"name":"not_global","slug":"not_global","taxonomy":"scope","parent":0,"description":""},"8":{"name":"regular","slug":"regular","taxonomy":"module_width","parent":0,"description":""}}}},"images":[]}