{"context":"et_builder_layouts","data":{"3812":{"ID":3812,"post_date":"2016-04-18 20:42:52","post_date_gmt":"2016-04-18 18:42:52","post_content":"<p>[et_pb_section admin_label=\"section\" transparent_background=\"off\" background_color=\"#f7f8fa\" allow_player_pause=\"off\" inner_shadow=\"off\" parallax=\"off\" parallax_method=\"off\" padding_mobile=\"off\" make_fullwidth=\"off\" use_custom_width=\"off\" width_unit=\"on\" make_equal=\"off\" use_custom_gutter=\"off\" custom_css_main_element=\"border-bottom: 1px #D7DCE1;\"][et_pb_row admin_label=\"row\" make_fullwidth=\"off\" use_custom_width=\"off\" width_unit=\"on\" use_custom_gutter=\"off\" custom_padding=\"70px|||\" padding_mobile=\"on\" allow_player_pause=\"off\" parallax=\"off\" parallax_method=\"off\" make_equal=\"off\" parallax_1=\"off\" parallax_method_1=\"off\" column_padding_mobile=\"on\" custom_padding_tablet=\"73px|||\" custom_padding_last_edited=\"on|tablet\"][et_pb_column type=\"4_4\"][et_pb_text admin_label=\"Text\" background_layout=\"light\" text_orientation=\"center\" text_font=\"Source Sans Pro|on|||\" text_font_size=\"48\" text_text_color=\"#323b40\" use_border_color=\"off\" border_color=\"#ffffff\" border_style=\"solid\" custom_margin=\"||0px|\" custom_padding=\"||0px|\" text_letter_spacing=\"1px\"]<\/p><p>PRICING<\/p><p>[\/et_pb_text][et_pb_text admin_label=\"Text\" background_layout=\"light\" text_orientation=\"center\" text_font=\"Source Sans Pro Light||||\" text_font_size=\"36\" text_text_color=\"#5b666d\" use_border_color=\"off\" border_color=\"#ffffff\" border_style=\"solid\" custom_margin=\"20px|||\" text_line_height=\"1.2em\"]<\/p><p class=\"p1\"><span class=\"s1\">Always know what you\u2019ll pay.<\/span><\/p><p>[\/et_pb_text][\/et_pb_column][\/et_pb_row][et_pb_row admin_label=\"Row\" make_fullwidth=\"off\" use_custom_width=\"off\" width_unit=\"on\" use_custom_gutter=\"off\" custom_padding=\"92px|||\" padding_mobile=\"on\" allow_player_pause=\"off\" parallax=\"off\" parallax_method=\"off\" make_equal=\"off\" parallax_1=\"off\" parallax_method_1=\"off\" background_color_1=\"#ffffff\" parallax_2=\"off\" parallax_method_2=\"off\" background_color_2=\"#ffffff\" parallax_3=\"off\" parallax_method_3=\"off\" background_color_3=\"#ffffff\" column_padding_mobile=\"on\" custom_padding_last_edited=\"on|tablet\" custom_padding_tablet=\"0px|||\" custom_css_main_2=\"border: 1px solid #D7DCE1;||\" custom_css_main_1=\"border: 1px solid #D7DCE1;||\" custom_css_main_3=\"border: 1px solid #D7DCE1;||\"][et_pb_column type=\"1_3\"][et_pb_text admin_label=\"Text\" background_layout=\"light\" text_orientation=\"center\" text_font=\"Source Sans Pro|on|||\" text_font_size=\"24\" text_text_color=\"#1ec4d6\" use_border_color=\"off\" border_color=\"#ffffff\" border_style=\"solid\" custom_margin=\"56px||33px|\"]<\/p><p>STARTER<\/p><p>[\/et_pb_text][et_pb_text admin_label=\"Text\" background_layout=\"light\" text_orientation=\"center\" text_font=\"Source Sans Pro||||\" text_text_color=\"#5d666c\" use_border_color=\"off\" border_color=\"#ffffff\" border_style=\"solid\" text_font_size=\"20\" custom_margin=\"||22px|\" text_line_height=\"1.3em\"]<\/p><p>A beautiful simple<br \/>lorem ipsum solution.<\/p><p>[\/et_pb_text][et_pb_text admin_label=\"Text\" background_layout=\"light\" text_orientation=\"center\" text_font=\"Source Sans Pro Light||||\" text_font_size=\"96\" text_text_color=\"#333b40\" use_border_color=\"off\" border_color=\"#ffffff\" border_style=\"solid\" custom_padding=\"40px|||\" custom_margin=\"||40px|\"]<\/p><p>$8<\/p><p>[\/et_pb_text][et_pb_text admin_label=\"Text\" background_layout=\"light\" text_orientation=\"center\" text_font=\"Source Sans Pro||||\" text_text_color=\"#a1a9af\" use_border_color=\"off\" border_color=\"#ffffff\" border_style=\"solid\"]<\/p><p>PER USER\/MONTH<\/p><p>[\/et_pb_text][et_pb_button admin_label=\"Button\" button_url=\"#\" url_new_window=\"off\" button_text=\"FREE TRIAL\" button_alignment=\"center\" background_layout=\"light\" custom_button=\"on\" button_text_size=\"16\" button_text_color=\"#9fa9af\" button_bg_color=\"#ffffff\" button_border_color=\"#e3e5e6\" button_border_radius=\"4\" button_letter_spacing=\"1.4\" button_font=\"Source Sans Pro|on|||\" button_use_icon=\"default\" button_icon_placement=\"right\" button_on_hover=\"on\" button_letter_spacing_hover=\"0\" button_border_width=\"1\" button_letter_spacing_tablet=\"1\"]<\/p><p>[\/et_pb_button][et_pb_divider admin_label=\"Divider\" color=\"#ffffff\" show_divider=\"off\" height=\"30\" divider_style=\"solid\" divider_position=\"top\" hide_on_mobile=\"off\"]<\/p><p>[\/et_pb_divider][\/et_pb_column][et_pb_column type=\"1_3\"][et_pb_text admin_label=\"Text\" background_layout=\"light\" text_orientation=\"center\" text_font=\"Source Sans Pro|on|||\" text_font_size=\"24\" text_text_color=\"#7d75d9\" use_border_color=\"off\" border_color=\"#ffffff\" border_style=\"solid\" custom_margin=\"56px||33px|\"]<\/p><p>PROFESSIONAL<\/p><p>[\/et_pb_text][et_pb_text admin_label=\"Text\" background_layout=\"light\" text_orientation=\"center\" text_font=\"Source Sans Pro||||\" text_text_color=\"#5d666c\" use_border_color=\"off\" border_color=\"#ffffff\" border_style=\"solid\" text_font_size=\"20\" custom_margin=\"||22px|\" text_line_height=\"1.3em\"]<\/p><p>Perfect for lorem ipsum<br \/>businesses of all size.<\/p><p>[\/et_pb_text][et_pb_text admin_label=\"Text\" background_layout=\"light\" text_orientation=\"center\" text_font=\"Source Sans Pro Light||||\" text_font_size=\"96\" text_text_color=\"#333b40\" use_border_color=\"off\" border_color=\"#ffffff\" border_style=\"solid\" custom_padding=\"40px|||\" custom_margin=\"||40px|\"]<\/p><p>$18<\/p><p>[\/et_pb_text][et_pb_text admin_label=\"Text\" background_layout=\"light\" text_orientation=\"center\" text_font=\"Source Sans Pro||||\" text_text_color=\"#a1a9af\" use_border_color=\"off\" border_color=\"#ffffff\" border_style=\"solid\"]<\/p><p>PER USER\/MONTH<\/p><p>[\/et_pb_text][et_pb_button admin_label=\"Button\" button_url=\"#\" url_new_window=\"off\" button_text=\"FREE TRIAL\" button_alignment=\"center\" background_layout=\"light\" custom_button=\"on\" button_text_size=\"16\" button_text_color=\"#9fa9af\" button_bg_color=\"#ffffff\" button_border_color=\"#e3e5e6\" button_border_radius=\"4\" button_letter_spacing=\"1.4\" button_font=\"Source Sans Pro|on|||\" button_use_icon=\"default\" button_icon_placement=\"right\" button_on_hover=\"on\" button_letter_spacing_hover=\"0\" button_border_width=\"1\" button_letter_spacing_tablet=\"1\"]<\/p><p>[\/et_pb_button][et_pb_divider admin_label=\"Divider\" color=\"#ffffff\" show_divider=\"off\" height=\"30\" divider_style=\"solid\" divider_position=\"top\" hide_on_mobile=\"off\"]<\/p><p>[\/et_pb_divider][\/et_pb_column][et_pb_column type=\"1_3\"][et_pb_text admin_label=\"Text\" background_layout=\"light\" text_orientation=\"center\" text_font=\"Source Sans Pro|on|||\" text_font_size=\"24\" text_text_color=\"#3b67b3\" use_border_color=\"off\" border_color=\"#ffffff\" border_style=\"solid\" custom_margin=\"56px||33px|\"]<\/p><p>ADVANCED<\/p><p>[\/et_pb_text][et_pb_text admin_label=\"Text\" background_layout=\"light\" text_orientation=\"center\" text_font=\"Source Sans Pro||||\" text_text_color=\"#5d666c\" use_border_color=\"off\" border_color=\"#ffffff\" border_style=\"solid\" text_font_size=\"20\" custom_margin=\"||22px|\" text_line_height=\"1.3em\"]<\/p><p>Advanced features as<br \/>your business grow.<\/p><p>[\/et_pb_text][et_pb_text admin_label=\"Text\" background_layout=\"light\" text_orientation=\"center\" text_font=\"Source Sans Pro Light||||\" text_font_size=\"96\" text_text_color=\"#333b40\" use_border_color=\"off\" border_color=\"#ffffff\" border_style=\"solid\" custom_padding=\"40px|||\" custom_margin=\"||40px|\"]<\/p><p>$48<\/p><p>[\/et_pb_text][et_pb_text admin_label=\"Text\" background_layout=\"light\" text_orientation=\"center\" text_font=\"Source Sans Pro||||\" text_text_color=\"#a1a9af\" use_border_color=\"off\" border_color=\"#ffffff\" border_style=\"solid\"]<\/p><p>PER USER\/MONTH<\/p><p>[\/et_pb_text][et_pb_button admin_label=\"Button\" button_url=\"#\" url_new_window=\"off\" button_text=\"FREE TRIAL\" button_alignment=\"center\" background_layout=\"light\" custom_button=\"on\" button_text_size=\"16\" button_text_color=\"#9fa9af\" button_bg_color=\"#ffffff\" button_border_color=\"#e3e5e6\" button_border_radius=\"4\" button_letter_spacing=\"1.4\" button_font=\"Source Sans Pro|on|||\" button_use_icon=\"default\" button_icon_placement=\"right\" button_on_hover=\"on\" button_letter_spacing_hover=\"0\" button_border_width=\"1\" button_letter_spacing_tablet=\"1\"]<\/p><p>[\/et_pb_button][et_pb_divider admin_label=\"Divider\" color=\"#ffffff\" show_divider=\"off\" height=\"30\" divider_style=\"solid\" divider_position=\"top\" hide_on_mobile=\"on\" disabled=\"off\" disabled_on=\"on|on|\"]<\/p><p>[\/et_pb_divider][\/et_pb_column][\/et_pb_row][\/et_pb_section][et_pb_section admin_label=\"Section\" fullwidth=\"off\" specialty=\"off\" transparent_background=\"off\" background_color=\"#ffffff\" allow_player_pause=\"off\" inner_shadow=\"off\" parallax=\"off\" parallax_method=\"off\" padding_mobile=\"on\" make_fullwidth=\"off\" use_custom_width=\"off\" width_unit=\"on\" make_equal=\"off\" use_custom_gutter=\"off\" custom_css_main_element=\"border-top: 1px solid #D7DCE1;\" custom_padding=\"0px|||\"][et_pb_row admin_label=\"Row\" make_fullwidth=\"off\" use_custom_width=\"off\" width_unit=\"on\" use_custom_gutter=\"off\" custom_padding=\"0px||0px|\" padding_mobile=\"on\" allow_player_pause=\"off\" parallax=\"off\" parallax_method=\"off\" make_equal=\"off\" parallax_1=\"off\" parallax_method_1=\"off\" column_padding_mobile=\"on\" custom_padding_tablet=\"0px|||\" custom_padding_last_edited=\"on|desktop\"][et_pb_column type=\"4_4\"][et_pb_text admin_label=\"Text\" background_layout=\"light\" text_orientation=\"center\" text_font=\"Source Sans Pro||||\" text_font_size=\"16\" text_text_color=\"#9da9b0\" use_border_color=\"off\" border_color=\"#ffffff\" border_style=\"solid\" custom_margin_last_edited=\"on|desktop\" custom_padding=\"0px|||\" custom_margin=\"40px|||\"]<\/p><p>You can learn more about our <span style=\"text-decoration: underline; color: #757f86;\">Terms of Service<\/span><\/p><p>[\/et_pb_text][\/et_pb_column][\/et_pb_row][\/et_pb_section]<\/p>","post_title":"Pricing Table #4","post_excerpt":"","post_status":"publish","comment_status":"closed","ping_status":"closed","post_password":"","post_name":"pricing-table-4","to_ping":"","pinged":"","post_modified":"2016-04-18 20:42:52","post_modified_gmt":"2016-04-18 18:42:52","post_content_filtered":"","post_parent":0,"menu_order":0,"post_type":"et_pb_layout","post_mime_type":"","comment_count":"0","filter":"raw","post_meta":{"_et_pb_built_for_post_type":["page"]},"terms":{"7":{"name":"layout","slug":"layout","taxonomy":"layout_type","parent":0,"description":""},"6":{"name":"not_global","slug":"not_global","taxonomy":"scope","parent":0,"description":""},"8":{"name":"regular","slug":"regular","taxonomy":"module_width","parent":0,"description":""}}}},"images":[]}