{"context":"et_builder_layouts","data":{"27173":{"ID":27173,"post_date":"2016-08-04 23:05:04","post_date_gmt":"2016-08-04 21:05:04","post_content":"[et_pb_section admin_label=\"Section\" fullwidth=\"off\" specialty=\"off\" transparent_background=\"off\" background_color=\"#ffffff\" allow_player_pause=\"off\" inner_shadow=\"off\" parallax=\"off\" parallax_method=\"off\" padding_mobile=\"on\" make_fullwidth=\"off\" use_custom_width=\"off\" width_unit=\"on\" make_equal=\"off\" use_custom_gutter=\"off\" custom_css_main_element=\"border-top: 1px solid #D7DCE1;\" custom_padding=\"0px|||\" template_type=\"section\"][et_pb_row admin_label=\"Row\" make_fullwidth=\"off\" use_custom_width=\"off\" width_unit=\"on\" use_custom_gutter=\"off\" custom_padding=\"0px||0px|\" padding_mobile=\"on\" allow_player_pause=\"off\" parallax=\"off\" parallax_method=\"off\" make_equal=\"off\" parallax_1=\"off\" parallax_method_1=\"off\" column_padding_mobile=\"on\" custom_padding_tablet=\"0px|||\" custom_padding_last_edited=\"on|desktop\"][et_pb_column type=\"4_4\"][et_pb_text admin_label=\"Text\" background_layout=\"light\" text_orientation=\"center\" text_font=\"Source Sans Pro||||\" text_font_size=\"16\" text_text_color=\"#9da9b0\" use_border_color=\"off\" border_color=\"#ffffff\" border_style=\"solid\" custom_margin_last_edited=\"on|desktop\" custom_padding=\"0px|||\" custom_margin=\"40px|||\"]\n\nYou can learn more about our <span style=\"text-decoration: underline; color: #757f86;\">Terms of Service<\/span>\n\n[\/et_pb_text][\/et_pb_column][\/et_pb_row][\/et_pb_section]","post_title":"FAQ #3","post_excerpt":"","post_status":"publish","comment_status":"closed","ping_status":"closed","post_password":"","post_name":"faq-3-4","to_ping":"","pinged":"","post_modified":"2016-08-04 23:05:04","post_modified_gmt":"2016-08-04 21:05:04","post_content_filtered":"","post_parent":0,"menu_order":0,"post_type":"et_pb_layout","post_mime_type":"","comment_count":"0","filter":"raw","post_meta":{"_et_pb_built_for_post_type":["page"]},"terms":{"6":{"name":"not_global","slug":"not_global","taxonomy":"scope","parent":0,"description":""},"8":{"name":"regular","slug":"regular","taxonomy":"module_width","parent":0,"description":""},"14":{"name":"section","slug":"section","taxonomy":"layout_type","parent":0,"description":""}}},"27172":{"ID":27172,"post_date":"2016-08-04 23:04:38","post_date_gmt":"2016-08-04 21:04:38","post_content":"[et_pb_section admin_label=\"section\" transparent_background=\"off\" background_color=\"#f7f8fa\" allow_player_pause=\"off\" inner_shadow=\"off\" parallax=\"off\" parallax_method=\"off\" padding_mobile=\"off\" make_fullwidth=\"off\" use_custom_width=\"off\" width_unit=\"on\" make_equal=\"off\" use_custom_gutter=\"off\" custom_css_main_element=\"border-bottom: 1px #D7DCE1;\" template_type=\"section\"][et_pb_row admin_label=\"row\" make_fullwidth=\"off\" use_custom_width=\"off\" width_unit=\"on\" use_custom_gutter=\"off\" custom_padding=\"70px|||\" padding_mobile=\"on\" allow_player_pause=\"off\" parallax=\"off\" parallax_method=\"off\" make_equal=\"off\" parallax_1=\"off\" parallax_method_1=\"off\" column_padding_mobile=\"on\" custom_padding_tablet=\"73px|||\" custom_padding_last_edited=\"on|tablet\"][et_pb_column type=\"4_4\"][et_pb_text admin_label=\"Text\" background_layout=\"light\" text_orientation=\"center\" text_font=\"Source Sans Pro|on|||\" text_font_size=\"48\" text_text_color=\"#323b40\" use_border_color=\"off\" border_color=\"#ffffff\" border_style=\"solid\" custom_margin=\"||0px|\" custom_padding=\"||0px|\" text_letter_spacing=\"1px\"]\n\nPRICING\n\n[\/et_pb_text][et_pb_text admin_label=\"Text\" background_layout=\"light\" text_orientation=\"center\" text_font=\"Source Sans Pro Light||||\" text_font_size=\"36\" text_text_color=\"#5b666d\" use_border_color=\"off\" border_color=\"#ffffff\" border_style=\"solid\" custom_margin=\"20px|||\" text_line_height=\"1.2em\"]\n\n<p class=\"p1\"><span class=\"s1\">Always know what you\u2019ll pay.<\/span><\/p>\n\n[\/et_pb_text][\/et_pb_column][\/et_pb_row][et_pb_row admin_label=\"Row\" make_fullwidth=\"off\" use_custom_width=\"off\" width_unit=\"on\" use_custom_gutter=\"off\" custom_padding=\"92px|||\" padding_mobile=\"on\" allow_player_pause=\"off\" parallax=\"off\" parallax_method=\"off\" make_equal=\"off\" parallax_1=\"off\" parallax_method_1=\"off\" background_color_1=\"#ffffff\" parallax_2=\"off\" parallax_method_2=\"off\" background_color_2=\"#ffffff\" parallax_3=\"off\" parallax_method_3=\"off\" background_color_3=\"#ffffff\" column_padding_mobile=\"on\" custom_padding_last_edited=\"on|tablet\" custom_padding_tablet=\"0px|||\" custom_css_main_2=\"border: 1px solid #D7DCE1;||\" custom_css_main_1=\"border: 1px solid #D7DCE1;||\" custom_css_main_3=\"border: 1px solid #D7DCE1;||\"][et_pb_column type=\"1_3\"][et_pb_text admin_label=\"Text\" background_layout=\"light\" text_orientation=\"center\" text_font=\"Source Sans Pro|on|||\" text_font_size=\"24\" text_text_color=\"#1ec4d6\" use_border_color=\"off\" border_color=\"#ffffff\" border_style=\"solid\" custom_margin=\"56px||33px|\"]\n\nSTARTER\n\n[\/et_pb_text][et_pb_text admin_label=\"Text\" background_layout=\"light\" text_orientation=\"center\" text_font=\"Source Sans Pro||||\" text_text_color=\"#5d666c\" use_border_color=\"off\" border_color=\"#ffffff\" border_style=\"solid\" text_font_size=\"20\" custom_margin=\"||22px|\" text_line_height=\"1.3em\"]\n\nA beautiful simple\nlorem ipsum solution.\n\n[\/et_pb_text][et_pb_text admin_label=\"Text\" background_layout=\"light\" text_orientation=\"center\" text_font=\"Source Sans Pro Light||||\" text_font_size=\"96\" text_text_color=\"#333b40\" use_border_color=\"off\" border_color=\"#ffffff\" border_style=\"solid\" custom_padding=\"40px|||\" custom_margin=\"||40px|\"]\n\n$8\n\n[\/et_pb_text][et_pb_text admin_label=\"Text\" background_layout=\"light\" text_orientation=\"center\" text_font=\"Source Sans Pro||||\" text_text_color=\"#a1a9af\" use_border_color=\"off\" border_color=\"#ffffff\" border_style=\"solid\"]\n\nPER USER\/MONTH\n\n[\/et_pb_text][et_pb_button admin_label=\"Button\" button_url=\"#\" url_new_window=\"off\" button_text=\"FREE TRIAL\" button_alignment=\"center\" background_layout=\"light\" custom_button=\"on\" button_text_size=\"16\" button_text_color=\"#9fa9af\" button_bg_color=\"#ffffff\" button_border_color=\"#e3e5e6\" button_border_radius=\"4\" button_letter_spacing=\"1.4\" button_font=\"Source Sans Pro|on|||\" button_use_icon=\"default\" button_icon_placement=\"right\" button_on_hover=\"on\" button_letter_spacing_hover=\"0\" button_border_width=\"1\" button_letter_spacing_tablet=\"1\"]\n\n\n\n[\/et_pb_button][et_pb_divider admin_label=\"Divider\" color=\"#ffffff\" show_divider=\"off\" height=\"30\" divider_style=\"solid\" divider_position=\"top\" hide_on_mobile=\"off\"]\n\n\n\n[\/et_pb_divider][\/et_pb_column][et_pb_column type=\"1_3\"][et_pb_text admin_label=\"Text\" background_layout=\"light\" text_orientation=\"center\" text_font=\"Source Sans Pro|on|||\" text_font_size=\"24\" text_text_color=\"#7d75d9\" use_border_color=\"off\" border_color=\"#ffffff\" border_style=\"solid\" custom_margin=\"56px||33px|\"]\n\nPROFESSIONAL\n\n[\/et_pb_text][et_pb_text admin_label=\"Text\" background_layout=\"light\" text_orientation=\"center\" text_font=\"Source Sans Pro||||\" text_text_color=\"#5d666c\" use_border_color=\"off\" border_color=\"#ffffff\" border_style=\"solid\" text_font_size=\"20\" custom_margin=\"||22px|\" text_line_height=\"1.3em\"]\n\nPerfect for lorem ipsum\nbusinesses of all size.\n\n[\/et_pb_text][et_pb_text admin_label=\"Text\" background_layout=\"light\" text_orientation=\"center\" text_font=\"Source Sans Pro Light||||\" text_font_size=\"96\" text_text_color=\"#333b40\" use_border_color=\"off\" border_color=\"#ffffff\" border_style=\"solid\" custom_padding=\"40px|||\" custom_margin=\"||40px|\"]\n\n$18\n\n[\/et_pb_text][et_pb_text admin_label=\"Text\" background_layout=\"light\" text_orientation=\"center\" text_font=\"Source Sans Pro||||\" text_text_color=\"#a1a9af\" use_border_color=\"off\" border_color=\"#ffffff\" border_style=\"solid\"]\n\nPER USER\/MONTH\n\n[\/et_pb_text][et_pb_button admin_label=\"Button\" button_url=\"#\" url_new_window=\"off\" button_text=\"FREE TRIAL\" button_alignment=\"center\" background_layout=\"light\" custom_button=\"on\" button_text_size=\"16\" button_text_color=\"#9fa9af\" button_bg_color=\"#ffffff\" button_border_color=\"#e3e5e6\" button_border_radius=\"4\" button_letter_spacing=\"1.4\" button_font=\"Source Sans Pro|on|||\" button_use_icon=\"default\" button_icon_placement=\"right\" button_on_hover=\"on\" button_letter_spacing_hover=\"0\" button_border_width=\"1\" button_letter_spacing_tablet=\"1\"]\n\n\n\n[\/et_pb_button][et_pb_divider admin_label=\"Divider\" color=\"#ffffff\" show_divider=\"off\" height=\"30\" divider_style=\"solid\" divider_position=\"top\" hide_on_mobile=\"off\"]\n\n\n\n[\/et_pb_divider][\/et_pb_column][et_pb_column type=\"1_3\"][et_pb_text admin_label=\"Text\" background_layout=\"light\" text_orientation=\"center\" text_font=\"Source Sans Pro|on|||\" text_font_size=\"24\" text_text_color=\"#3b67b3\" use_border_color=\"off\" border_color=\"#ffffff\" border_style=\"solid\" custom_margin=\"56px||33px|\"]\n\nADVANCED\n\n[\/et_pb_text][et_pb_text admin_label=\"Text\" background_layout=\"light\" text_orientation=\"center\" text_font=\"Source Sans Pro||||\" text_text_color=\"#5d666c\" use_border_color=\"off\" border_color=\"#ffffff\" border_style=\"solid\" text_font_size=\"20\" custom_margin=\"||22px|\" text_line_height=\"1.3em\"]\n\nAdvanced features as\nyour business grow.\n\n[\/et_pb_text][et_pb_text admin_label=\"Text\" background_layout=\"light\" text_orientation=\"center\" text_font=\"Source Sans Pro Light||||\" text_font_size=\"96\" text_text_color=\"#333b40\" use_border_color=\"off\" border_color=\"#ffffff\" border_style=\"solid\" custom_padding=\"40px|||\" custom_margin=\"||40px|\"]\n\n$48\n\n[\/et_pb_text][et_pb_text admin_label=\"Text\" background_layout=\"light\" text_orientation=\"center\" text_font=\"Source Sans Pro||||\" text_text_color=\"#a1a9af\" use_border_color=\"off\" border_color=\"#ffffff\" border_style=\"solid\"]\n\nPER USER\/MONTH\n\n[\/et_pb_text][et_pb_button admin_label=\"Button\" button_url=\"#\" url_new_window=\"off\" button_text=\"FREE TRIAL\" button_alignment=\"center\" background_layout=\"light\" custom_button=\"on\" button_text_size=\"16\" button_text_color=\"#9fa9af\" button_bg_color=\"#ffffff\" button_border_color=\"#e3e5e6\" button_border_radius=\"4\" button_letter_spacing=\"1.4\" button_font=\"Source Sans Pro|on|||\" button_use_icon=\"default\" button_icon_placement=\"right\" button_on_hover=\"on\" button_letter_spacing_hover=\"0\" button_border_width=\"1\" button_letter_spacing_tablet=\"1\"]\n\n\n\n[\/et_pb_button][et_pb_divider admin_label=\"Divider\" color=\"#ffffff\" show_divider=\"off\" height=\"30\" divider_style=\"solid\" divider_position=\"top\" hide_on_mobile=\"on\" disabled=\"off\" disabled_on=\"on|on|\"]\n\n\n\n[\/et_pb_divider][\/et_pb_column][\/et_pb_row][\/et_pb_section]","post_title":"Pricing Table #4","post_excerpt":"","post_status":"publish","comment_status":"closed","ping_status":"closed","post_password":"","post_name":"pricing-table-4-2","to_ping":"","pinged":"","post_modified":"2016-08-04 23:04:38","post_modified_gmt":"2016-08-04 21:04:38","post_content_filtered":"","post_parent":0,"menu_order":0,"post_type":"et_pb_layout","post_mime_type":"","comment_count":"0","filter":"raw","post_meta":{"_et_pb_built_for_post_type":["page"]},"terms":{"6":{"name":"not_global","slug":"not_global","taxonomy":"scope","parent":0,"description":""},"8":{"name":"regular","slug":"regular","taxonomy":"module_width","parent":0,"description":""},"14":{"name":"section","slug":"section","taxonomy":"layout_type","parent":0,"description":""}}},"27171":{"ID":27171,"post_date":"2016-08-04 23:04:29","post_date_gmt":"2016-08-04 21:04:29","post_content":"[et_pb_section admin_label=\"section\" transparent_background=\"off\" background_color=\"#f7f8fa\" allow_player_pause=\"off\" inner_shadow=\"off\" parallax=\"off\" parallax_method=\"off\" padding_mobile=\"off\" make_fullwidth=\"off\" use_custom_width=\"off\" width_unit=\"on\" make_equal=\"off\" use_custom_gutter=\"off\" custom_css_main_element=\"border-bottom: 1px #D7DCE1;\" template_type=\"section\"][et_pb_row admin_label=\"row\" make_fullwidth=\"off\" use_custom_width=\"off\" width_unit=\"on\" use_custom_gutter=\"off\" custom_padding=\"70px|||\" padding_mobile=\"on\" allow_player_pause=\"off\" parallax=\"off\" parallax_method=\"off\" make_equal=\"off\" parallax_1=\"off\" parallax_method_1=\"off\" column_padding_mobile=\"on\" custom_padding_tablet=\"73px|||\" custom_padding_last_edited=\"on|tablet\"][et_pb_column type=\"4_4\"][et_pb_text admin_label=\"Text\" background_layout=\"light\" text_orientation=\"center\" text_font=\"Source Sans Pro|on|||\" text_font_size=\"48\" text_text_color=\"#323b40\" use_border_color=\"off\" border_color=\"#ffffff\" border_style=\"solid\" custom_margin=\"||0px|\" custom_padding=\"||0px|\" text_letter_spacing=\"1px\"]\n\nPRICING\n\n[\/et_pb_text][et_pb_text admin_label=\"Text\" background_layout=\"light\" text_orientation=\"center\" text_font=\"Source Sans Pro Light||||\" text_font_size=\"36\" text_text_color=\"#5b666d\" use_border_color=\"off\" border_color=\"#ffffff\" border_style=\"solid\" custom_margin=\"20px|||\" text_line_height=\"1.2em\"]\n\n<p class=\"p1\"><span class=\"s1\">Always know what you\u2019ll pay.<\/span><\/p>\n\n[\/et_pb_text][\/et_pb_column][\/et_pb_row][et_pb_row admin_label=\"Row\" make_fullwidth=\"off\" use_custom_width=\"off\" width_unit=\"on\" use_custom_gutter=\"off\" custom_padding=\"92px|||\" padding_mobile=\"on\" allow_player_pause=\"off\" parallax=\"off\" parallax_method=\"off\" make_equal=\"off\" parallax_1=\"off\" parallax_method_1=\"off\" background_color_1=\"rgba(255,255,255,0)\" parallax_2=\"off\" parallax_method_2=\"off\" background_color_2=\"#ffffff\" parallax_3=\"off\" parallax_method_3=\"off\" background_color_3=\"rgba(255,255,255,0)\" column_padding_mobile=\"on\" custom_padding_last_edited=\"on|tablet\" custom_padding_tablet=\"0px|||\" custom_css_main_2=\"border: 1px solid #D7DCE1;||\" custom_css_before_1=\"||\"][et_pb_column type=\"1_3\"][et_pb_text admin_label=\"Text\" background_layout=\"light\" text_orientation=\"center\" text_font=\"Source Sans Pro|on|||\" text_font_size=\"24\" text_text_color=\"#1ec4d6\" use_border_color=\"off\" border_color=\"#ffffff\" border_style=\"solid\" custom_margin=\"56px||24px|\"]\n\nSTARTER\n\n[\/et_pb_text][et_pb_text admin_label=\"Text\" background_layout=\"light\" text_orientation=\"center\" text_font=\"Source Sans Pro Light||||\" text_font_size=\"96\" text_text_color=\"#333b40\" use_border_color=\"off\" border_color=\"#ffffff\" border_style=\"solid\" custom_padding=\"40px|||\" custom_margin=\"||40px|\"]\n\n$8\n\n[\/et_pb_text][et_pb_text admin_label=\"Text\" background_layout=\"light\" text_orientation=\"center\" text_font=\"Source Sans Pro||||\" text_text_color=\"#a1a9af\" use_border_color=\"off\" border_color=\"#ffffff\" border_style=\"solid\"]\n\nPER USER\/MONTH\n\n[\/et_pb_text][et_pb_text admin_label=\"Text\" background_layout=\"light\" text_orientation=\"center\" text_font=\"Source Sans Pro||||\" text_text_color=\"#5d666c\" use_border_color=\"off\" border_color=\"#ffffff\" border_style=\"solid\" text_font_size=\"20\" custom_margin=\"||38px|\" text_line_height=\"1.3em\"]\n\nA beautiful simple\nlorem ipsum solution.\n\n[\/et_pb_text][et_pb_divider admin_label=\"Divider\" color=\"#d7dce1\" show_divider=\"on\" divider_style=\"solid\" divider_position=\"top\" hide_on_mobile=\"off\" custom_css_main_element=\"width:240px;|| margin-left: auto;|| margin-right: auto;\" height=\"3\"]\n\n\n\n[\/et_pb_divider][et_pb_text admin_label=\"Text\" background_layout=\"light\" text_orientation=\"center\" text_font=\"Source Sans Pro||||\" text_text_color=\"#5d666c\" use_border_color=\"off\" border_color=\"#ffffff\" border_style=\"solid\" text_font_size=\"18\" custom_margin=\"||32px|\" text_line_height=\"1.8em\"]\n\n<strong>50,000<\/strong> Notifications\n<strong>250<\/strong> App Updates \/mo\n<strong>30<\/strong> Native Builds \/mo\n<strong>5,000<\/strong>Users\n\n[\/et_pb_text][et_pb_button admin_label=\"Button\" button_url=\"#\" url_new_window=\"off\" button_text=\"FREE TRIAL\" button_alignment=\"center\" background_layout=\"light\" custom_button=\"on\" button_text_size=\"16\" button_text_color=\"#9fa9af\" button_bg_color=\"#ffffff\" button_border_color=\"#e3e5e6\" button_border_radius=\"4\" button_letter_spacing=\"1.4\" button_font=\"Source Sans Pro|on|||\" button_use_icon=\"default\" button_icon_placement=\"right\" button_on_hover=\"on\" button_letter_spacing_hover=\"0\" button_border_width=\"1\" button_letter_spacing_tablet=\"1\"]\n\n\n\n[\/et_pb_button][et_pb_divider admin_label=\"Divider\" color=\"#ffffff\" show_divider=\"off\" height=\"30\" divider_style=\"solid\" divider_position=\"top\" hide_on_mobile=\"off\"]\n\n\n\n[\/et_pb_divider][\/et_pb_column][et_pb_column type=\"1_3\"][et_pb_text admin_label=\"Text\" background_layout=\"light\" text_orientation=\"center\" text_font=\"Source Sans Pro|on|||\" text_font_size=\"24\" text_text_color=\"#7d75d9\" use_border_color=\"off\" border_color=\"#ffffff\" border_style=\"solid\" custom_margin=\"56px||24px|\"]\n\nPROFESSIONAL\n\n[\/et_pb_text][et_pb_text admin_label=\"Text\" background_layout=\"light\" text_orientation=\"center\" text_font=\"Source Sans Pro Light||||\" text_font_size=\"96\" text_text_color=\"#333b40\" use_border_color=\"off\" border_color=\"#ffffff\" border_style=\"solid\" custom_padding=\"40px|||\" custom_margin=\"||40px|\"]\n\n$18\n\n[\/et_pb_text][et_pb_text admin_label=\"Text\" background_layout=\"light\" text_orientation=\"center\" text_font=\"Source Sans Pro||||\" text_text_color=\"#a1a9af\" use_border_color=\"off\" border_color=\"#ffffff\" border_style=\"solid\"]\n\nPER USER\/MONTH\n\n[\/et_pb_text][et_pb_text admin_label=\"Text\" background_layout=\"light\" text_orientation=\"center\" text_font=\"Source Sans Pro||||\" text_text_color=\"#5d666c\" use_border_color=\"off\" border_color=\"#ffffff\" border_style=\"solid\" text_font_size=\"20\" custom_margin=\"||38px|\" text_line_height=\"1.3em\"]\n\nPerfect for lorem ipsum \nbusinesses of all size.\n\n[\/et_pb_text][et_pb_divider admin_label=\"Divider\" color=\"#d7dce1\" show_divider=\"on\" divider_style=\"solid\" divider_position=\"top\" hide_on_mobile=\"off\" custom_css_main_element=\"width:240px;|| margin-left: auto;|| margin-right: auto;\" height=\"10\"]\n\n\n\n[\/et_pb_divider][et_pb_text admin_label=\"Text\" background_layout=\"light\" text_orientation=\"center\" text_font=\"Source Sans Pro||||\" text_text_color=\"#5d666c\" use_border_color=\"off\" border_color=\"#ffffff\" border_style=\"solid\" text_font_size=\"18\" custom_margin=\"||32px|\" text_line_height=\"1.8em\"]\n\n<strong>5M<\/strong> Notifications\n<strong>50,000<\/strong> App Updates\n<strong>Unlimited<\/strong> Native Builds\n<strong>Unlimited<\/strong> Users\n\n[\/et_pb_text][et_pb_button admin_label=\"Button\" button_url=\"#\" url_new_window=\"off\" button_text=\"FREE TRIAL\" button_alignment=\"center\" background_layout=\"light\" custom_button=\"on\" button_text_size=\"16\" button_text_color=\"#ffffff\" button_bg_color=\"#30c2a2\" button_border_color=\"#30c2a2\" button_border_radius=\"4\" button_letter_spacing=\"1.4\" button_font=\"Source Sans Pro|on|||\" button_use_icon=\"default\" button_icon_placement=\"right\" button_on_hover=\"on\" button_letter_spacing_hover=\"0\" button_border_width=\"4\" button_letter_spacing_tablet=\"1\"]\n\n\n\n[\/et_pb_button][et_pb_divider admin_label=\"Divider\" color=\"#ffffff\" show_divider=\"off\" height=\"30\" divider_style=\"solid\" divider_position=\"top\" hide_on_mobile=\"off\"]\n\n\n\n[\/et_pb_divider][\/et_pb_column][et_pb_column type=\"1_3\"][et_pb_text admin_label=\"Text\" background_layout=\"light\" text_orientation=\"center\" text_font=\"Source Sans Pro|on|||\" text_font_size=\"24\" text_text_color=\"#3b67b3\" use_border_color=\"off\" border_color=\"#ffffff\" border_style=\"solid\" custom_margin=\"56px||24px|\"]\n\nADVANCED\n\n[\/et_pb_text][et_pb_text admin_label=\"Text\" background_layout=\"light\" text_orientation=\"center\" text_font=\"Source Sans Pro Light||||\" text_font_size=\"96\" text_text_color=\"#333b40\" use_border_color=\"off\" border_color=\"#ffffff\" border_style=\"solid\" custom_padding=\"40px|||\" custom_margin=\"||40px|\"]\n\n$48\n\n[\/et_pb_text][et_pb_text admin_label=\"Text\" background_layout=\"light\" text_orientation=\"center\" text_font=\"Source Sans Pro||||\" text_text_color=\"#a1a9af\" use_border_color=\"off\" border_color=\"#ffffff\" border_style=\"solid\"]\n\nPER USER\/MONTH\n\n[\/et_pb_text][et_pb_text admin_label=\"Text\" background_layout=\"light\" text_orientation=\"center\" text_font=\"Source Sans Pro||||\" text_text_color=\"#5d666c\" use_border_color=\"off\" border_color=\"#ffffff\" border_style=\"solid\" text_font_size=\"20\" custom_margin=\"||38px|\" text_line_height=\"1.3em\"]\n\nAdvanced features as \nyour business grow.\n\n[\/et_pb_text][et_pb_divider admin_label=\"Divider\" color=\"#d7dce1\" show_divider=\"on\" divider_style=\"solid\" divider_position=\"top\" hide_on_mobile=\"off\" custom_css_main_element=\"width:240px;|| margin-left: auto;|| margin-right: auto;\" height=\"10\"]\n\n\n\n[\/et_pb_divider][et_pb_text admin_label=\"Text\" background_layout=\"light\" text_orientation=\"center\" text_font=\"Source Sans Pro||||\" text_text_color=\"#5d666c\" use_border_color=\"off\" border_color=\"#ffffff\" border_style=\"solid\" text_font_size=\"18\" custom_margin=\"||32px|\" text_line_height=\"1.8em\"]\n\n<strong>Enterprise<\/strong> Features\n<strong>Security<\/strong> Features\n<strong>Custom<\/strong> controls\n<strong>Tailored<\/strong> pricing\n\n[\/et_pb_text][et_pb_button admin_label=\"Button\" button_url=\"#\" url_new_window=\"off\" button_text=\"FREE TRIAL\" button_alignment=\"center\" background_layout=\"light\" custom_button=\"on\" button_text_size=\"16\" button_text_color=\"#9fa9af\" button_bg_color=\"#ffffff\" button_border_color=\"#e3e5e6\" button_border_radius=\"4\" button_letter_spacing=\"1.4\" button_font=\"Source Sans Pro|on|||\" button_use_icon=\"default\" button_icon_placement=\"right\" button_on_hover=\"on\" button_letter_spacing_hover=\"0\" button_border_width=\"1\" button_letter_spacing_tablet=\"1\"]\n\n\n\n[\/et_pb_button][et_pb_divider admin_label=\"Divider\" color=\"#ffffff\" show_divider=\"off\" height=\"30\" divider_style=\"solid\" divider_position=\"top\" hide_on_mobile=\"on\" disabled=\"off\" disabled_on=\"on|on|\"]\n\n\n\n[\/et_pb_divider][\/et_pb_column][\/et_pb_row][et_pb_row admin_label=\"Row\" make_fullwidth=\"off\" use_custom_width=\"off\" width_unit=\"on\" use_custom_gutter=\"off\" custom_padding=\"17px||61px|\" padding_mobile=\"on\" allow_player_pause=\"off\" parallax=\"off\" parallax_method=\"off\" make_equal=\"off\" parallax_1=\"off\" parallax_method_1=\"off\" column_padding_mobile=\"on\" custom_padding_tablet=\"0px|||\" custom_padding_last_edited=\"on|desktop\"][et_pb_column type=\"4_4\"][et_pb_text admin_label=\"Text\" background_layout=\"light\" text_orientation=\"center\" text_font=\"Source Sans Pro||||\" text_font_size=\"16\" text_text_color=\"#9da9b0\" use_border_color=\"off\" border_color=\"#ffffff\" border_style=\"solid\" custom_margin_tablet=\"0px|||\" custom_margin_last_edited=\"on|tablet\" custom_padding=\"0px|||\"]\n\nYou can learn more about our <span style=\"text-decoration: underline; color: #757f86;\">Terms of Service<\/span>\n\n[\/et_pb_text][\/et_pb_column][\/et_pb_row][\/et_pb_section]","post_title":"Pricing Table #3","post_excerpt":"","post_status":"publish","comment_status":"closed","ping_status":"closed","post_password":"","post_name":"pricing-table-3-3","to_ping":"","pinged":"","post_modified":"2016-08-04 23:04:29","post_modified_gmt":"2016-08-04 21:04:29","post_content_filtered":"","post_parent":0,"menu_order":0,"post_type":"et_pb_layout","post_mime_type":"","comment_count":"0","filter":"raw","post_meta":{"_et_pb_built_for_post_type":["page"]},"terms":{"6":{"name":"not_global","slug":"not_global","taxonomy":"scope","parent":0,"description":""},"8":{"name":"regular","slug":"regular","taxonomy":"module_width","parent":0,"description":""},"14":{"name":"section","slug":"section","taxonomy":"layout_type","parent":0,"description":""}}},"27170":{"ID":27170,"post_date":"2016-08-04 23:04:23","post_date_gmt":"2016-08-04 21:04:23","post_content":"[et_pb_section admin_label=\"Section\" fullwidth=\"off\" specialty=\"off\" transparent_background=\"off\" background_color=\"#ffffff\" allow_player_pause=\"off\" inner_shadow=\"off\" parallax=\"off\" parallax_method=\"off\" padding_mobile=\"off\" make_fullwidth=\"off\" use_custom_width=\"off\" width_unit=\"on\" make_equal=\"off\" use_custom_gutter=\"off\" custom_css_main_element=\"border-top: 1px solid #D7DCE1;\" template_type=\"section\"][et_pb_row admin_label=\"row\" make_fullwidth=\"off\" use_custom_width=\"off\" width_unit=\"on\" use_custom_gutter=\"off\" custom_padding=\"70px|||\" padding_mobile=\"on\" allow_player_pause=\"off\" parallax=\"off\" parallax_method=\"off\" make_equal=\"off\" parallax_1=\"off\" parallax_method_1=\"off\" column_padding_mobile=\"on\" custom_padding_tablet=\"73px|||\" custom_padding_last_edited=\"on|tablet\"][et_pb_column type=\"4_4\"][et_pb_text admin_label=\"Text\" background_layout=\"light\" text_orientation=\"center\" text_font=\"Source Sans Pro|on|||\" text_font_size=\"48\" text_text_color=\"#323b40\" use_border_color=\"off\" border_color=\"#ffffff\" border_style=\"solid\" custom_margin=\"||0px|\" custom_padding=\"||0px|\" text_letter_spacing=\"1px\"]\n\nFAQs\n\n[\/et_pb_text][et_pb_text admin_label=\"Text\" background_layout=\"light\" text_orientation=\"center\" text_font=\"Source Sans Pro Light||||\" text_font_size=\"36\" text_text_color=\"#5b666d\" use_border_color=\"off\" border_color=\"#ffffff\" border_style=\"solid\" custom_margin=\"29px|||\" text_line_height=\"1.2em\"]\n\n<p class=\"p1\"><span class=\"s1\">Frequently asked questions<\/span><\/p>\n\n[\/et_pb_text][\/et_pb_column][\/et_pb_row][et_pb_row admin_label=\"Row\" make_fullwidth=\"off\" use_custom_width=\"off\" width_unit=\"on\" use_custom_gutter=\"off\" custom_padding=\"50px||80px|\" padding_mobile=\"on\" allow_player_pause=\"off\" parallax=\"off\" parallax_method=\"off\" make_equal=\"off\" parallax_1=\"off\" parallax_method_1=\"off\" column_padding_mobile=\"on\"][et_pb_column type=\"4_4\"][et_pb_toggle admin_label=\"Toggle\" open=\"off\" open_toggle_background_color=\"#f7f8fa\" closed_toggle_background_color=\"#ffffff\" icon_color=\"#323b40\" title_font=\"Source Sans Pro||||\" title_font_size=\"20\" title_text_color=\"#323b40\" body_font=\"Source Sans Pro||||\" body_font_size=\"18\" body_text_color=\"#5b666d\" body_line_height=\"1.3em\" background_color=\"#ffffff\" use_border_color=\"on\" border_color=\"#e3e5e6\" border_style=\"solid\" custom_css_toggle_title=\"    font-weight: 600;||\" title=\"HOW CAN I UPGRADE MY PLAN?\" closed_toggle_text_color=\"#323b40\" custom_padding=\"19px|19px|19px|19px\"]\n\nNullam eros mi, mollis in sollicitudin non, tincidunt sed enim. Sed et felis metus, rhoncus ornare nibh. Ut at magna leo. Suspendisse egestas est ac dolor imperdiet pretium. Lorem ipsum dolor sit amet, consectetur adipiscing elit. Nam porttitor, erat sit amet venenatis luctus, augue libero ultrices quam, ut congue nisi risus eu purus.\n\n[\/et_pb_toggle][et_pb_toggle admin_label=\"Toggle\" open=\"off\" open_toggle_background_color=\"#f7f8fa\" closed_toggle_background_color=\"#ffffff\" icon_color=\"#323b40\" title_font=\"Source Sans Pro||||\" title_font_size=\"20\" title_text_color=\"#323b40\" body_font=\"Source Sans Pro||||\" body_font_size=\"18\" body_text_color=\"#5b666d\" body_line_height=\"1.3em\" background_color=\"#ffffff\" use_border_color=\"on\" border_color=\"#e3e5e6\" border_style=\"solid\" custom_css_toggle_title=\"    font-weight: 600;||\" title=\"WHEN WILL I BE BILLED?\" closed_toggle_text_color=\"#323b40\" custom_padding=\"19px|19px|19px|19px\"]\n\nNullam eros mi, mollis in sollicitudin non, tincidunt sed enim. Sed et felis metus, rhoncus ornare nibh. Ut at magna leo. Suspendisse egestas est ac dolor imperdiet pretium. Lorem ipsum dolor sit amet, consectetur adipiscing elit. Nam porttitor, erat sit amet venenatis luctus, augue libero ultrices quam, ut congue nisi risus eu purus.\n\n[\/et_pb_toggle][et_pb_toggle admin_label=\"Toggle\" open=\"off\" open_toggle_background_color=\"#f7f8fa\" closed_toggle_background_color=\"#ffffff\" icon_color=\"#323b40\" title_font=\"Source Sans Pro||||\" title_font_size=\"20\" title_text_color=\"#323b40\" body_font=\"Source Sans Pro||||\" body_font_size=\"18\" body_text_color=\"#5b666d\" body_line_height=\"1.3em\" background_color=\"#ffffff\" use_border_color=\"on\" border_color=\"#e3e5e6\" border_style=\"solid\" custom_css_toggle_title=\"    font-weight: 600;||\" title=\"WHAT FORMS OF PAYMENT DO YOU ACCEPT?\" closed_toggle_text_color=\"#323b40\" custom_padding=\"19px|19px|19px|19px\"]\n\nNullam eros mi, mollis in sollicitudin non, tincidunt sed enim. Sed et felis metus, rhoncus ornare nibh. Ut at magna leo. Suspendisse egestas est ac dolor imperdiet pretium. Lorem ipsum dolor sit amet, consectetur adipiscing elit. Nam porttitor, erat sit amet venenatis luctus, augue libero ultrices quam, ut congue nisi risus eu purus.\n\n[\/et_pb_toggle][et_pb_toggle admin_label=\"Toggle\" open=\"off\" open_toggle_background_color=\"#f7f8fa\" closed_toggle_background_color=\"#ffffff\" icon_color=\"#323b40\" title_font=\"Source Sans Pro||||\" title_font_size=\"20\" title_text_color=\"#323b40\" body_font=\"Source Sans Pro||||\" body_font_size=\"18\" body_text_color=\"#5b666d\" body_line_height=\"1.3em\" background_color=\"#ffffff\" use_border_color=\"on\" border_color=\"#e3e5e6\" border_style=\"solid\" custom_css_toggle_title=\"    font-weight: 600;||\" title=\"WHAT HAPPENS WHEN MY SUBRSCRIPTION EXPIRES?\" closed_toggle_text_color=\"#323b40\" custom_padding=\"19px|19px|19px|19px\"]\n\nNullam eros mi, mollis in sollicitudin non, tincidunt sed enim. Sed et felis metus, rhoncus ornare nibh. Ut at magna leo. Suspendisse egestas est ac dolor imperdiet pretium. Lorem ipsum dolor sit amet, consectetur adipiscing elit. Nam porttitor, erat sit amet venenatis luctus, augue libero ultrices quam, ut congue nisi risus eu purus.\n\n[\/et_pb_toggle][et_pb_toggle admin_label=\"Toggle\" open=\"off\" open_toggle_background_color=\"#f7f8fa\" closed_toggle_background_color=\"#ffffff\" icon_color=\"#323b40\" title_font=\"Source Sans Pro||||\" title_font_size=\"20\" title_text_color=\"#323b40\" body_font=\"Source Sans Pro||||\" body_font_size=\"18\" body_text_color=\"#5b666d\" body_line_height=\"1.3em\" background_color=\"#ffffff\" use_border_color=\"on\" border_color=\"#e3e5e6\" border_style=\"solid\" custom_css_toggle_title=\"    font-weight: 600;||\" title=\"WHAT HAPPENS WHEN I REACH A DATA LIMIT?\" closed_toggle_text_color=\"#323b40\" custom_padding=\"19px|19px|19px|19px\"]\n\nNullam eros mi, mollis in sollicitudin non, tincidunt sed enim. Sed et felis metus, rhoncus ornare nibh. Ut at magna leo. Suspendisse egestas est ac dolor imperdiet pretium. Lorem ipsum dolor sit amet, consectetur adipiscing elit. Nam porttitor, erat sit amet venenatis luctus, augue libero ultrices quam, ut congue nisi risus eu purus.\n\n[\/et_pb_toggle][et_pb_toggle admin_label=\"Toggle\" open=\"off\" open_toggle_background_color=\"#f7f8fa\" closed_toggle_background_color=\"#ffffff\" icon_color=\"#323b40\" title_font=\"Source Sans Pro||||\" title_font_size=\"20\" title_text_color=\"#323b40\" body_font=\"Source Sans Pro||||\" body_font_size=\"18\" body_text_color=\"#5b666d\" body_line_height=\"1.3em\" background_color=\"#ffffff\" use_border_color=\"on\" border_color=\"#e3e5e6\" border_style=\"solid\" custom_css_toggle_title=\"    font-weight: 600;||\" title=\"HOW SECURE IS MY PAYMENT INFO?\" closed_toggle_text_color=\"#323b40\" custom_padding=\"19px|19px|19px|19px\"]\n\nNullam eros mi, mollis in sollicitudin non, tincidunt sed enim. Sed et felis metus, rhoncus ornare nibh. Ut at magna leo. Suspendisse egestas est ac dolor imperdiet pretium. Lorem ipsum dolor sit amet, consectetur adipiscing elit. Nam porttitor, erat sit amet venenatis luctus, augue libero ultrices quam, ut congue nisi risus eu purus.\n\n[\/et_pb_toggle][\/et_pb_column][\/et_pb_row][\/et_pb_section]","post_title":"FAQ #3","post_excerpt":"","post_status":"publish","comment_status":"closed","ping_status":"closed","post_password":"","post_name":"faq-3","to_ping":"","pinged":"","post_modified":"2016-08-04 23:04:23","post_modified_gmt":"2016-08-04 21:04:23","post_content_filtered":"","post_parent":0,"menu_order":0,"post_type":"et_pb_layout","post_mime_type":"","comment_count":"0","filter":"raw","post_meta":{"_et_pb_built_for_post_type":["page"]},"terms":{"6":{"name":"not_global","slug":"not_global","taxonomy":"scope","parent":0,"description":""},"8":{"name":"regular","slug":"regular","taxonomy":"module_width","parent":0,"description":""},"14":{"name":"section","slug":"section","taxonomy":"layout_type","parent":0,"description":""}}},"27169":{"ID":27169,"post_date":"2016-08-04 23:04:01","post_date_gmt":"2016-08-04 21:04:01","post_content":"[et_pb_section admin_label=\"Section\" fullwidth=\"off\" specialty=\"off\" transparent_background=\"off\" background_color=\"#ffffff\" allow_player_pause=\"off\" inner_shadow=\"off\" parallax=\"off\" parallax_method=\"off\" padding_mobile=\"off\" make_fullwidth=\"off\" use_custom_width=\"off\" width_unit=\"on\" make_equal=\"off\" use_custom_gutter=\"off\" template_type=\"section\"][et_pb_row admin_label=\"Row\" make_fullwidth=\"off\" use_custom_width=\"off\" width_unit=\"on\" use_custom_gutter=\"off\" custom_padding=\"21px||0px|\" padding_mobile=\"on\" allow_player_pause=\"off\" parallax=\"off\" parallax_method=\"off\" make_equal=\"off\" parallax_1=\"off\" parallax_method_1=\"off\" parallax_2=\"off\" parallax_method_2=\"off\" parallax_3=\"off\" parallax_method_3=\"off\" column_padding_mobile=\"on\" custom_padding_last_edited=\"on|desktop\"][et_pb_column type=\"1_3\"][et_pb_text admin_label=\"Text\" background_layout=\"light\" text_orientation=\"center\" text_font=\"Source Sans Pro|on|||\" text_font_size=\"24\" text_text_color=\"#1ec4d6\" use_border_color=\"off\" border_color=\"#ffffff\" border_style=\"solid\" custom_margin=\"||24px|\"]\n\nSTARTER\n\n[\/et_pb_text][et_pb_text admin_label=\"Text\" background_layout=\"light\" text_orientation=\"center\" text_font=\"Source Sans Pro Light||||\" text_font_size=\"96\" text_text_color=\"#333b40\" use_border_color=\"off\" border_color=\"#ffffff\" border_style=\"solid\" custom_padding=\"40px|||\" custom_margin=\"||40px|\"]\n\n$8\n\n[\/et_pb_text][et_pb_text admin_label=\"Text\" background_layout=\"light\" text_orientation=\"center\" text_font=\"Source Sans Pro||||\" text_text_color=\"#b0b8bd\" use_border_color=\"off\" border_color=\"#ffffff\" border_style=\"solid\"]\n\nPER USER\/MONTH\n\n[\/et_pb_text][et_pb_text admin_label=\"Text\" background_layout=\"light\" text_orientation=\"center\" text_font=\"Source Sans Pro||||\" text_text_color=\"#333b40\" use_border_color=\"off\" border_color=\"#ffffff\" border_style=\"solid\" text_font_size=\"20\" custom_margin=\"||38px|\" text_line_height=\"1.3em\"]\n\nA beautiful simple\nlorem ipsum solution.\n\n[\/et_pb_text][et_pb_button admin_label=\"Button\" button_url=\"#\" url_new_window=\"off\" button_text=\"FREE TRIAL\" button_alignment=\"center\" background_layout=\"light\" custom_button=\"on\" button_text_size=\"16\" button_text_color=\"#9fa9af\" button_bg_color=\"#ffffff\" button_border_color=\"#e3e5e6\" button_border_radius=\"4\" button_letter_spacing=\"1.4\" button_font=\"Source Sans Pro|on|||\" button_use_icon=\"default\" button_icon_placement=\"right\" button_on_hover=\"on\" button_letter_spacing_hover=\"0\" button_border_width=\"1\" button_letter_spacing_tablet=\"1\"]\n\n\n\n[\/et_pb_button][et_pb_divider admin_label=\"Divider\" color=\"#ffffff\" show_divider=\"off\" height=\"30\" divider_style=\"solid\" divider_position=\"top\" hide_on_mobile=\"off\"]\n\n\n\n[\/et_pb_divider][\/et_pb_column][et_pb_column type=\"1_3\"][et_pb_text admin_label=\"Text\" background_layout=\"light\" text_orientation=\"center\" text_font=\"Source Sans Pro|on|||\" text_font_size=\"24\" text_text_color=\"#7d75d9\" use_border_color=\"off\" border_color=\"#ffffff\" border_style=\"solid\" custom_margin=\"||24px|\"]\n\nPROFESSIONAL\n\n[\/et_pb_text][et_pb_text admin_label=\"Text\" background_layout=\"light\" text_orientation=\"center\" text_font=\"Source Sans Pro Light||||\" text_font_size=\"96\" text_text_color=\"#333b40\" use_border_color=\"off\" border_color=\"#ffffff\" border_style=\"solid\" custom_padding=\"40px|||\" custom_margin=\"||40px|\"]\n\n$18\n\n[\/et_pb_text][et_pb_text admin_label=\"Text\" background_layout=\"light\" text_orientation=\"center\" text_font=\"Source Sans Pro||||\" text_text_color=\"#b0b8bd\" use_border_color=\"off\" border_color=\"#ffffff\" border_style=\"solid\"]\n\nPER USER\/MONTH\n\n[\/et_pb_text][et_pb_text admin_label=\"Text\" background_layout=\"light\" text_orientation=\"center\" text_font=\"Source Sans Pro||||\" text_text_color=\"#333b40\" use_border_color=\"off\" border_color=\"#ffffff\" border_style=\"solid\" text_font_size=\"20\" custom_margin=\"||38px|\" text_line_height=\"1.3em\"]\n\nPerfect for lorem ipsum\nbusinesses of all size.\n\n[\/et_pb_text][et_pb_button admin_label=\"Button\" button_url=\"#\" url_new_window=\"off\" button_text=\"FREE TRIAL\" button_alignment=\"center\" background_layout=\"light\" custom_button=\"on\" button_text_size=\"16\" button_text_color=\"#9fa9af\" button_bg_color=\"#ffffff\" button_border_color=\"#e3e5e6\" button_border_radius=\"4\" button_letter_spacing=\"1.4\" button_font=\"Source Sans Pro|on|||\" button_use_icon=\"default\" button_icon_placement=\"right\" button_on_hover=\"on\" button_letter_spacing_hover=\"0\" button_border_width=\"1\" button_letter_spacing_tablet=\"1\"]\n\n\n\n[\/et_pb_button][et_pb_divider admin_label=\"Divider\" color=\"#ffffff\" show_divider=\"off\" height=\"30\" divider_style=\"solid\" divider_position=\"top\" hide_on_mobile=\"off\"]\n\n\n\n[\/et_pb_divider][\/et_pb_column][et_pb_column type=\"1_3\"][et_pb_text admin_label=\"Text\" background_layout=\"light\" text_orientation=\"center\" text_font=\"Source Sans Pro|on|||\" text_font_size=\"24\" text_text_color=\"#3b67b3\" use_border_color=\"off\" border_color=\"#ffffff\" border_style=\"solid\" custom_margin=\"||24px|\"]\n\nADVANCED\n\n[\/et_pb_text][et_pb_text admin_label=\"Text\" background_layout=\"light\" text_orientation=\"center\" text_font=\"Source Sans Pro Light||||\" text_font_size=\"96\" text_text_color=\"#333b40\" use_border_color=\"off\" border_color=\"#ffffff\" border_style=\"solid\" custom_padding=\"40px|||\" custom_margin=\"||40px|\"]\n\n$48\n\n[\/et_pb_text][et_pb_text admin_label=\"Text\" background_layout=\"light\" text_orientation=\"center\" text_font=\"Source Sans Pro||||\" text_text_color=\"#b0b8bd\" use_border_color=\"off\" border_color=\"#ffffff\" border_style=\"solid\"]\n\nPER USER\/MONTH\n\n[\/et_pb_text][et_pb_text admin_label=\"Text\" background_layout=\"light\" text_orientation=\"center\" text_font=\"Source Sans Pro||||\" text_text_color=\"#333b40\" use_border_color=\"off\" border_color=\"#ffffff\" border_style=\"solid\" text_font_size=\"20\" custom_margin=\"||38px|\" text_line_height=\"1.3em\"]\n\nAdvanced features as\nyour business grow.\n\n[\/et_pb_text][et_pb_button admin_label=\"Button\" button_url=\"#\" url_new_window=\"off\" button_text=\"FREE TRIAL\" button_alignment=\"center\" background_layout=\"light\" custom_button=\"on\" button_text_size=\"16\" button_text_color=\"#9fa9af\" button_bg_color=\"#ffffff\" button_border_color=\"#e3e5e6\" button_border_radius=\"4\" button_letter_spacing=\"1.4\" button_font=\"Source Sans Pro|on|||\" button_use_icon=\"default\" button_icon_placement=\"right\" button_on_hover=\"on\" button_letter_spacing_hover=\"0\" button_border_width=\"1\" button_letter_spacing_tablet=\"1\"]\n\n\n\n[\/et_pb_button][et_pb_divider admin_label=\"Divider\" color=\"#ffffff\" show_divider=\"off\" height=\"30\" divider_style=\"solid\" divider_position=\"top\" hide_on_mobile=\"off\"]\n\n\n\n[\/et_pb_divider][\/et_pb_column][\/et_pb_row][et_pb_row admin_label=\"Row\" make_fullwidth=\"off\" use_custom_width=\"off\" width_unit=\"on\" use_custom_gutter=\"off\" custom_padding=\"20px||61px|\" padding_mobile=\"on\" allow_player_pause=\"off\" parallax=\"off\" parallax_method=\"off\" make_equal=\"off\" parallax_1=\"off\" parallax_method_1=\"off\" column_padding_mobile=\"on\" custom_padding_tablet=\"0px|||\" custom_padding_last_edited=\"on|desktop\"][et_pb_column type=\"4_4\"][et_pb_divider admin_label=\"Divider\" color=\"#d7dce1\" show_divider=\"on\" divider_style=\"solid\" divider_position=\"top\" hide_on_mobile=\"off\"]\n\n\n\n[\/et_pb_divider][et_pb_text admin_label=\"Text\" background_layout=\"light\" text_orientation=\"center\" text_font=\"Source Sans Pro||||\" text_font_size=\"16\" text_text_color=\"#9da9b0\" use_border_color=\"off\" border_color=\"#ffffff\" border_style=\"solid\" custom_margin=\"-10px|||\"]\n\nYou can learn more about our <span style=\"text-decoration: underline; color:#757F86\">Terms of Service<\/span>\n\n[\/et_pb_text][\/et_pb_column][\/et_pb_row][\/et_pb_section]","post_title":"Pricing Table #2","post_excerpt":"","post_status":"publish","comment_status":"closed","ping_status":"closed","post_password":"","post_name":"pricing-table-2-3","to_ping":"","pinged":"","post_modified":"2016-08-04 23:04:01","post_modified_gmt":"2016-08-04 21:04:01","post_content_filtered":"","post_parent":0,"menu_order":0,"post_type":"et_pb_layout","post_mime_type":"","comment_count":"0","filter":"raw","post_meta":{"_et_pb_built_for_post_type":["page"]},"terms":{"6":{"name":"not_global","slug":"not_global","taxonomy":"scope","parent":0,"description":""},"8":{"name":"regular","slug":"regular","taxonomy":"module_width","parent":0,"description":""},"14":{"name":"section","slug":"section","taxonomy":"layout_type","parent":0,"description":""}}},"27168":{"ID":27168,"post_date":"2016-08-04 23:03:38","post_date_gmt":"2016-08-04 21:03:38","post_content":"[et_pb_section admin_label=\"Section\" fullwidth=\"off\" specialty=\"off\" transparent_background=\"off\" background_color=\"#f7f8fa\" allow_player_pause=\"off\" inner_shadow=\"off\" parallax=\"off\" parallax_method=\"off\" padding_mobile=\"off\" make_fullwidth=\"off\" use_custom_width=\"off\" width_unit=\"on\" make_equal=\"off\" use_custom_gutter=\"off\" custom_css_main_element=\"border-top: 1px solid #D7DCE1;\" template_type=\"section\"][et_pb_row admin_label=\"row\" make_fullwidth=\"off\" use_custom_width=\"off\" width_unit=\"on\" use_custom_gutter=\"off\" custom_padding=\"70px|||\" padding_mobile=\"on\" allow_player_pause=\"off\" parallax=\"off\" parallax_method=\"off\" make_equal=\"off\" parallax_1=\"off\" parallax_method_1=\"off\" column_padding_mobile=\"on\" custom_padding_tablet=\"73px|||\" custom_padding_last_edited=\"on|tablet\"][et_pb_column type=\"4_4\"][et_pb_text admin_label=\"Text\" background_layout=\"light\" text_orientation=\"center\" text_font=\"Source Sans Pro|on|||\" text_font_size=\"48\" text_text_color=\"#323b40\" use_border_color=\"off\" border_color=\"#ffffff\" border_style=\"solid\" custom_margin=\"||0px|\" custom_padding=\"||0px|\" text_letter_spacing=\"1px\"]\n\nFAQs\n\n[\/et_pb_text][et_pb_text admin_label=\"Text\" background_layout=\"light\" text_orientation=\"center\" text_font=\"Source Sans Pro Light||||\" text_font_size=\"36\" text_text_color=\"#5b666d\" use_border_color=\"off\" border_color=\"#ffffff\" border_style=\"solid\" custom_margin=\"29px|||\" text_line_height=\"1.2em\"]\n\n<p class=\"p1\"><span class=\"s1\">Frequently asked questions<\/span><\/p>\n\n[\/et_pb_text][\/et_pb_column][\/et_pb_row][et_pb_row admin_label=\"Row\" make_fullwidth=\"off\" use_custom_width=\"off\" width_unit=\"on\" use_custom_gutter=\"off\" custom_padding=\"86px||0px|\" padding_mobile=\"on\" allow_player_pause=\"off\" parallax=\"off\" parallax_method=\"off\" make_equal=\"off\" parallax_1=\"off\" parallax_method_1=\"off\" parallax_2=\"off\" parallax_method_2=\"off\" column_padding_mobile=\"on\" custom_padding_tablet=\"56px|||\" custom_padding_last_edited=\"on|desktop\"][et_pb_column type=\"1_2\"][et_pb_text admin_label=\"Text\" background_layout=\"light\" text_orientation=\"left\" text_font=\"Source Sans Pro||||\" text_font_size=\"20\" text_text_color=\"#323b40\" use_border_color=\"off\" border_color=\"#ffffff\" border_style=\"solid\" custom_css_main_element=\"  font-weight: 600;\" custom_margin=\"||0px|\" custom_padding=\"||0px|\"]\n\nQUESTION ONE?\n\n[\/et_pb_text][et_pb_text admin_label=\"Text\" background_layout=\"light\" text_orientation=\"left\" text_font=\"Source Sans Pro||||\" text_font_size=\"18\" text_text_color=\"#5b666d\" use_border_color=\"off\" border_color=\"#ffffff\" border_style=\"solid\" text_line_height=\"1.4em\" custom_margin=\"17px|||\"]\n\nNullam eros mi, mollis in sollicitudin non, tincidunt sed enim. Sed et felis metus, rhoncus ornare nibh. Ut at magna leo. Suspendisse egestas est ac dolor imperdiet pretium. Lorem ipsum dolor sit amet, consectetur adipiscing elit. Nam porttitor, erat sit amet venenatis luctus, augue libero ultrices quam, ut congue nisi risus eu purus.\n\n[\/et_pb_text][\/et_pb_column][et_pb_column type=\"1_2\"][et_pb_text admin_label=\"Text\" background_layout=\"light\" text_orientation=\"left\" text_font=\"Source Sans Pro||||\" text_font_size=\"20\" text_text_color=\"#323b40\" use_border_color=\"off\" border_color=\"#ffffff\" border_style=\"solid\" custom_css_main_element=\"  font-weight: 600;\" custom_margin=\"||0px|\" custom_padding=\"||0px|\"]\n\nQUESTION TWO\n\n[\/et_pb_text][et_pb_text admin_label=\"Text\" background_layout=\"light\" text_orientation=\"left\" text_font=\"Source Sans Pro||||\" text_font_size=\"18\" text_text_color=\"#5b666d\" use_border_color=\"off\" border_color=\"#ffffff\" border_style=\"solid\" text_line_height=\"1.4em\" custom_margin=\"17px|||\"]\n\nLorem ipsum dolor sit amet, consectetur adipiscing elit. Nam porttitor, erat sit amet venenatis luctus, augue libero ultrices quam, ut congue nisi risus eu purus.\n\n[\/et_pb_text][\/et_pb_column][\/et_pb_row][et_pb_row admin_label=\"Row\" make_fullwidth=\"off\" use_custom_width=\"off\" width_unit=\"on\" use_custom_gutter=\"off\" custom_padding=\"52px||0px|\" padding_mobile=\"on\" allow_player_pause=\"off\" parallax=\"off\" parallax_method=\"off\" make_equal=\"off\" parallax_1=\"off\" parallax_method_1=\"off\" parallax_2=\"off\" parallax_method_2=\"off\" column_padding_mobile=\"on\" custom_padding_tablet=\"6px||0px|\" custom_padding_last_edited=\"on|desktop\"][et_pb_column type=\"1_2\"][et_pb_text admin_label=\"Text\" background_layout=\"light\" text_orientation=\"left\" text_font=\"Source Sans Pro||||\" text_font_size=\"20\" text_text_color=\"#323b40\" use_border_color=\"off\" border_color=\"#ffffff\" border_style=\"solid\" custom_css_main_element=\"  font-weight: 600;\" custom_margin=\"||0px|\" custom_padding=\"||0px|\"]\n\nQUESTION THREE?\n\n[\/et_pb_text][et_pb_text admin_label=\"Text\" background_layout=\"light\" text_orientation=\"left\" text_font=\"Source Sans Pro||||\" text_font_size=\"18\" text_text_color=\"#5b666d\" use_border_color=\"off\" border_color=\"#ffffff\" border_style=\"solid\" text_line_height=\"1.4em\" custom_margin=\"17px|||\"]\n\nNam porttitor, erat sit amet venenatis luctus, augue libero ultrices quam, ut congue nisi risus eu purus. Nullam est a vehicula metus ac lacus rutrum nec fermentum.\n\n[\/et_pb_text][\/et_pb_column][et_pb_column type=\"1_2\"][et_pb_text admin_label=\"Text\" background_layout=\"light\" text_orientation=\"left\" text_font=\"Source Sans Pro||||\" text_font_size=\"20\" text_text_color=\"#323b40\" use_border_color=\"off\" border_color=\"#ffffff\" border_style=\"solid\" custom_css_main_element=\"  font-weight: 600;\" custom_margin=\"||0px|\" custom_padding=\"||0px|\"]\n\nQUESTION\n\n[\/et_pb_text][et_pb_text admin_label=\"Text\" background_layout=\"light\" text_orientation=\"left\" text_font=\"Source Sans Pro||||\" text_font_size=\"18\" text_text_color=\"#5b666d\" use_border_color=\"off\" border_color=\"#ffffff\" border_style=\"solid\" text_line_height=\"1.4em\" custom_margin=\"17px|||\"]\n\nNam porttitor, erat sit amet venenatis luctus, augue libero ultrices quam, ut congue nisi risus eu purus. Cras semper consectetur elementum. Nulla vel aliquet libero. Vestibulum eget felis nec purus commodo convallis.\n\n[\/et_pb_text][\/et_pb_column][\/et_pb_row][et_pb_row admin_label=\"Row\" make_fullwidth=\"off\" use_custom_width=\"off\" width_unit=\"on\" use_custom_gutter=\"off\" custom_padding=\"26px||70px|\" padding_mobile=\"on\" allow_player_pause=\"off\" parallax=\"off\" parallax_method=\"off\" make_equal=\"off\" parallax_1=\"off\" parallax_method_1=\"off\" parallax_2=\"off\" parallax_method_2=\"off\" column_padding_mobile=\"on\" custom_padding_last_edited=\"on|desktop\"][et_pb_column type=\"1_2\"][et_pb_text admin_label=\"Text\" background_layout=\"light\" text_orientation=\"left\" text_font=\"Source Sans Pro||||\" text_font_size=\"20\" text_text_color=\"#323b40\" use_border_color=\"off\" border_color=\"#ffffff\" border_style=\"solid\" custom_css_main_element=\"  font-weight: 600;\" custom_margin=\"||0px|\" custom_padding=\"||0px|\"]\n\nJUST ANOTHER QUESTION?\n\n[\/et_pb_text][et_pb_text admin_label=\"Text\" background_layout=\"light\" text_orientation=\"left\" text_font=\"Source Sans Pro||||\" text_font_size=\"18\" text_text_color=\"#5b666d\" use_border_color=\"off\" border_color=\"#ffffff\" border_style=\"solid\" text_line_height=\"1.4em\" custom_margin=\"17px|||\"]\n\nEtiam aliquam sem ac velit feugiat elementum. Nunc eu elit velit, nec vestibulum nibh. Curabitur ultrices, diam non ullamcorper blandit, nunc lacus ornare nisi, egestas rutrum magna est id nunc. Pellentesque imperdiet malesuada quam, et rhoncus eros auctor eu. Nullam vehicula metus ac lacus rutrum nec fermentum urna congue. Vestibulum et risus at mi ultra quis nec ligula.\n\n[\/et_pb_text][\/et_pb_column][et_pb_column type=\"1_2\"][\/et_pb_column][\/et_pb_row][\/et_pb_section]","post_title":"FAQ #1","post_excerpt":"","post_status":"publish","comment_status":"closed","ping_status":"closed","post_password":"","post_name":"faq-1","to_ping":"","pinged":"","post_modified":"2016-08-04 23:03:38","post_modified_gmt":"2016-08-04 21:03:38","post_content_filtered":"","post_parent":0,"menu_order":0,"post_type":"et_pb_layout","post_mime_type":"","comment_count":"0","filter":"raw","post_meta":{"_et_pb_built_for_post_type":["page"]},"terms":{"6":{"name":"not_global","slug":"not_global","taxonomy":"scope","parent":0,"description":""},"8":{"name":"regular","slug":"regular","taxonomy":"module_width","parent":0,"description":""},"14":{"name":"section","slug":"section","taxonomy":"layout_type","parent":0,"description":""}}},"27167":{"ID":27167,"post_date":"2016-08-04 23:03:24","post_date_gmt":"2016-08-04 21:03:24","post_content":"[et_pb_section admin_label=\"section\" transparent_background=\"off\" background_color=\"#ffffff\" allow_player_pause=\"off\" inner_shadow=\"off\" parallax=\"off\" parallax_method=\"off\" padding_mobile=\"off\" make_fullwidth=\"off\" use_custom_width=\"off\" width_unit=\"on\" make_equal=\"off\" use_custom_gutter=\"off\" template_type=\"section\"][et_pb_row admin_label=\"row\" make_fullwidth=\"off\" use_custom_width=\"off\" width_unit=\"on\" use_custom_gutter=\"off\" custom_padding=\"70px|||\" padding_mobile=\"on\" allow_player_pause=\"off\" parallax=\"off\" parallax_method=\"off\" make_equal=\"off\" parallax_1=\"off\" parallax_method_1=\"off\" column_padding_mobile=\"on\" custom_padding_tablet=\"73px|||\" custom_padding_last_edited=\"on|tablet\"][et_pb_column type=\"4_4\"][et_pb_text admin_label=\"Text\" background_layout=\"light\" text_orientation=\"center\" text_font=\"Source Sans Pro|on|||\" text_font_size=\"48\" text_text_color=\"#323b40\" use_border_color=\"off\" border_color=\"#ffffff\" border_style=\"solid\" custom_margin=\"||0px|\" custom_padding=\"||0px|\" text_letter_spacing=\"1px\"]\n\nPRICING\n\n[\/et_pb_text][et_pb_text admin_label=\"Text\" background_layout=\"light\" text_orientation=\"center\" text_font=\"Source Sans Pro Light||||\" text_font_size=\"36\" text_text_color=\"#5b666d\" use_border_color=\"off\" border_color=\"#ffffff\" border_style=\"solid\" custom_margin=\"20px|||\" text_line_height=\"1.2em\"]\n\n<p class=\"p1\"><span class=\"s1\">Always know what you\u2019ll pay.<\/span><\/p>\n\n[\/et_pb_text][\/et_pb_column][\/et_pb_row][et_pb_row admin_label=\"Row\" make_fullwidth=\"off\" use_custom_width=\"off\" width_unit=\"on\" use_custom_gutter=\"off\" custom_padding=\"92px|||\" padding_mobile=\"on\" allow_player_pause=\"off\" parallax=\"off\" parallax_method=\"off\" make_equal=\"off\" parallax_1=\"off\" parallax_method_1=\"off\" background_color_1=\"#1ec4d6\" parallax_2=\"off\" parallax_method_2=\"off\" background_color_2=\"#7d75d9\" parallax_3=\"off\" parallax_method_3=\"off\" background_color_3=\"#3b67b3\" column_padding_mobile=\"on\" custom_padding_last_edited=\"on|tablet\" custom_padding_tablet=\"58px|||\"][et_pb_column type=\"1_3\"][et_pb_text admin_label=\"Text\" background_layout=\"light\" text_orientation=\"center\" text_font=\"Source Sans Pro|on|||\" text_font_size=\"24\" text_text_color=\"#ffffff\" use_border_color=\"off\" border_color=\"#ffffff\" border_style=\"solid\" custom_margin=\"56px||24px|\"]\n\nSTARTER\n\n[\/et_pb_text][et_pb_text admin_label=\"Text\" background_layout=\"light\" text_orientation=\"center\" text_font=\"Source Sans Pro Light||||\" text_font_size=\"96\" text_text_color=\"#ffffff\" use_border_color=\"off\" border_color=\"#ffffff\" border_style=\"solid\" custom_padding=\"40px|||\" custom_margin=\"||40px|\"]\n\n$8\n\n[\/et_pb_text][et_pb_text admin_label=\"Text\" background_layout=\"light\" text_orientation=\"center\" text_font=\"Source Sans Pro||||\" text_text_color=\"#ffffff\" use_border_color=\"off\" border_color=\"#ffffff\" border_style=\"solid\"]\n\nPER USER\/MONTH\n\n[\/et_pb_text][et_pb_text admin_label=\"Text\" background_layout=\"light\" text_orientation=\"center\" text_font=\"Source Sans Pro||||\" text_text_color=\"#ffffff\" use_border_color=\"off\" border_color=\"#ffffff\" border_style=\"solid\" text_font_size=\"20\" custom_margin=\"||38px|\" text_line_height=\"1.3em\"]\n\nA beautiful simple\nlorem ipsum solution.\n\n[\/et_pb_text][et_pb_button admin_label=\"Button\" button_url=\"#\" url_new_window=\"off\" button_text=\"FREE TRIAL\" button_alignment=\"center\" background_layout=\"light\" custom_button=\"on\" button_text_size=\"16\" button_text_color=\"#ffffff\" button_bg_color=\"#0a8b99\" button_border_color=\"#0a8b99\" button_border_radius=\"4\" button_letter_spacing=\"1.4\" button_font=\"Source Sans Pro|on|||\" button_use_icon=\"default\" button_icon_placement=\"right\" button_on_hover=\"on\" button_letter_spacing_hover=\"0\" button_border_width=\"4\" button_letter_spacing_tablet=\"1\"]\n\n\n\n[\/et_pb_button][et_pb_divider admin_label=\"Divider\" color=\"#ffffff\" show_divider=\"off\" height=\"30\" divider_style=\"solid\" divider_position=\"top\" hide_on_mobile=\"off\"]\n\n\n\n[\/et_pb_divider][\/et_pb_column][et_pb_column type=\"1_3\"][et_pb_text admin_label=\"Text\" background_layout=\"light\" text_orientation=\"center\" text_font=\"Source Sans Pro|on|||\" text_font_size=\"24\" text_text_color=\"#ffffff\" use_border_color=\"off\" border_color=\"#ffffff\" border_style=\"solid\" custom_margin=\"56px||24px|\"]\n\nPROFESSIONAL\n\n[\/et_pb_text][et_pb_text admin_label=\"Text\" background_layout=\"light\" text_orientation=\"center\" text_font=\"Source Sans Pro Light||||\" text_font_size=\"96\" text_text_color=\"#ffffff\" use_border_color=\"off\" border_color=\"#ffffff\" border_style=\"solid\" custom_padding=\"40px|||\" custom_margin=\"||40px|\"]\n\n$18\n\n[\/et_pb_text][et_pb_text admin_label=\"Text\" background_layout=\"light\" text_orientation=\"center\" text_font=\"Source Sans Pro||||\" text_text_color=\"#ffffff\" use_border_color=\"off\" border_color=\"#ffffff\" border_style=\"solid\"]\n\nPER USER\/MONTH\n\n[\/et_pb_text][et_pb_text admin_label=\"Text\" background_layout=\"light\" text_orientation=\"center\" text_font=\"Source Sans Pro||||\" text_text_color=\"#ffffff\" use_border_color=\"off\" border_color=\"#ffffff\" border_style=\"solid\" text_font_size=\"20\" custom_margin=\"||38px|\" text_line_height=\"1.3em\"]\n\nA beautiful simple\nlorem ipsum solution.\n\n[\/et_pb_text][et_pb_button admin_label=\"Button\" button_url=\"#\" url_new_window=\"off\" button_text=\"FREE TRIAL\" button_alignment=\"center\" background_layout=\"light\" custom_button=\"on\" button_text_size=\"16\" button_text_color=\"#ffffff\" button_bg_color=\"#5c55a6\" button_border_color=\"#5c55a6\" button_border_radius=\"4\" button_letter_spacing=\"1.4\" button_font=\"Source Sans Pro|on|||\" button_use_icon=\"default\" button_icon_placement=\"right\" button_on_hover=\"on\" button_letter_spacing_hover=\"0\" button_border_width=\"4\" button_letter_spacing_tablet=\"1\"]\n\n\n\n[\/et_pb_button][et_pb_divider admin_label=\"Divider\" color=\"#ffffff\" show_divider=\"off\" height=\"30\" divider_style=\"solid\" divider_position=\"top\" hide_on_mobile=\"off\"]\n\n\n\n[\/et_pb_divider][\/et_pb_column][et_pb_column type=\"1_3\"][et_pb_text admin_label=\"Text\" background_layout=\"light\" text_orientation=\"center\" text_font=\"Source Sans Pro|on|||\" text_font_size=\"24\" text_text_color=\"#ffffff\" use_border_color=\"off\" border_color=\"#ffffff\" border_style=\"solid\" custom_margin=\"56px||24px|\"]\n\nADVANCED\n\n[\/et_pb_text][et_pb_text admin_label=\"Text\" background_layout=\"light\" text_orientation=\"center\" text_font=\"Source Sans Pro Light||||\" text_font_size=\"96\" text_text_color=\"#ffffff\" use_border_color=\"off\" border_color=\"#ffffff\" border_style=\"solid\" custom_padding=\"40px|||\" custom_margin=\"||40px|\"]\n\n$48\n\n[\/et_pb_text][et_pb_text admin_label=\"Text\" background_layout=\"light\" text_orientation=\"center\" text_font=\"Source Sans Pro||||\" text_text_color=\"#ffffff\" use_border_color=\"off\" border_color=\"#ffffff\" border_style=\"solid\"]\n\nPER USER\/MONTH\n\n[\/et_pb_text][et_pb_text admin_label=\"Text\" background_layout=\"light\" text_orientation=\"center\" text_font=\"Source Sans Pro||||\" text_text_color=\"#ffffff\" use_border_color=\"off\" border_color=\"#ffffff\" border_style=\"solid\" text_font_size=\"20\" custom_margin=\"||38px|\" text_line_height=\"1.3em\"]\n\nA beautiful simple\nlorem ipsum solution.\n\n[\/et_pb_text][et_pb_button admin_label=\"Button\" button_url=\"#\" url_new_window=\"off\" button_text=\"FREE TRIAL\" button_alignment=\"center\" background_layout=\"light\" custom_button=\"on\" button_text_size=\"16\" button_text_color=\"#ffffff\" button_bg_color=\"#284981\" button_border_color=\"#284981\" button_border_radius=\"4\" button_letter_spacing=\"1.4\" button_font=\"Source Sans Pro|on|||\" button_use_icon=\"default\" button_icon_placement=\"right\" button_on_hover=\"on\" button_letter_spacing_hover=\"0\" button_border_width=\"4\" button_letter_spacing_tablet=\"1\"]\n\n\n\n[\/et_pb_button][et_pb_divider admin_label=\"Divider\" color=\"#ffffff\" show_divider=\"off\" height=\"30\" divider_style=\"solid\" divider_position=\"top\" hide_on_mobile=\"off\"]\n\n\n\n[\/et_pb_divider][\/et_pb_column][\/et_pb_row][et_pb_row admin_label=\"Row\" make_fullwidth=\"off\" use_custom_width=\"off\" width_unit=\"on\" use_custom_gutter=\"off\" custom_padding=\"7px||61px|\" padding_mobile=\"on\" allow_player_pause=\"off\" parallax=\"off\" parallax_method=\"off\" make_equal=\"off\" parallax_1=\"off\" parallax_method_1=\"off\" column_padding_mobile=\"on\" custom_padding_tablet=\"0px|||\" custom_padding_last_edited=\"on|desktop\"][et_pb_column type=\"4_4\"][et_pb_text admin_label=\"Text\" background_layout=\"light\" text_orientation=\"center\" text_font=\"Source Sans Pro||||\" text_font_size=\"16\" text_text_color=\"#9da9b0\" use_border_color=\"off\" border_color=\"#ffffff\" border_style=\"solid\"]\n\nYou can learn more about our <span style=\"text-decoration: underline; color:#757F86\">Terms of Service<\/span>\n\n[\/et_pb_text][\/et_pb_column][\/et_pb_row][\/et_pb_section]","post_title":"Pricing Table #1","post_excerpt":"","post_status":"publish","comment_status":"closed","ping_status":"closed","post_password":"","post_name":"pricing-table-1-3","to_ping":"","pinged":"","post_modified":"2016-08-04 23:03:24","post_modified_gmt":"2016-08-04 21:03:24","post_content_filtered":"","post_parent":0,"menu_order":0,"post_type":"et_pb_layout","post_mime_type":"","comment_count":"0","filter":"raw","post_meta":{"_et_pb_built_for_post_type":["page"]},"terms":{"6":{"name":"not_global","slug":"not_global","taxonomy":"scope","parent":0,"description":""},"8":{"name":"regular","slug":"regular","taxonomy":"module_width","parent":0,"description":""},"14":{"name":"section","slug":"section","taxonomy":"layout_type","parent":0,"description":""}}}},"images":[]}