{"context":"et_builder_layouts","data":{"3603":{"ID":3603,"post_date":"2016-04-12 23:40:14","post_date_gmt":"2016-04-12 21:40:14","post_content":"<p>[et_pb_section admin_label=\"section\" transparent_background=\"off\" allow_player_pause=\"off\" inner_shadow=\"off\" parallax=\"off\" parallax_method=\"off\" padding_mobile=\"on\" make_fullwidth=\"off\" use_custom_width=\"off\" width_unit=\"on\" make_equal=\"off\" use_custom_gutter=\"off\" custom_padding=\"0px||0px|\" background_color=\"#9e9e9e\"][et_pb_row admin_label=\"row\" make_fullwidth=\"off\" use_custom_width=\"off\" width_unit=\"on\" use_custom_gutter=\"off\" padding_mobile=\"on\" allow_player_pause=\"off\" parallax=\"off\" parallax_method=\"off\" make_equal=\"off\" parallax_1=\"off\" parallax_method_1=\"off\" column_padding_mobile=\"on\" custom_padding=\"50px||210px|\" custom_padding_last_edited=\"on|desktop\" custom_padding_tablet=\"||100px|\"][et_pb_column type=\"4_4\"][et_pb_text admin_label=\"Text\" background_layout=\"light\" text_orientation=\"left\" use_border_color=\"off\" border_color=\"#ffffff\" border_style=\"solid\" text_font=\"Playfair Display|on|||\" text_font_size=\"20\" text_text_color=\"#ffffff\"]<\/p><p>FONT COMBINATION n\u00b009<\/p><p>[\/et_pb_text][\/et_pb_column][\/et_pb_row][et_pb_row admin_label=\"row\" make_fullwidth=\"off\" use_custom_width=\"off\" width_unit=\"on\" use_custom_gutter=\"off\" custom_padding=\"0px||50px|\" custom_padding_last_edited=\"on|desktop\" padding_mobile=\"on\" allow_player_pause=\"off\" parallax=\"off\" parallax_method=\"off\" make_equal=\"off\" parallax_1=\"off\" parallax_method_1=\"off\" parallax_2=\"off\" parallax_method_2=\"off\" column_padding_mobile=\"on\"][et_pb_column type=\"2_3\"][et_pb_text admin_label=\"Text\" background_layout=\"light\" text_orientation=\"left\" use_border_color=\"off\" border_color=\"#ffffff\" border_style=\"solid\" text_font=\"Playfair Display|on|||\" text_font_size=\"64\" text_text_color=\"#ffffff\" text_line_height=\"1.2em\" text_font_size_tablet=\"48\" text_font_size_last_edited=\"on|desktop\"]<\/p><p>An<br \/> Incredible<br \/> Combination<\/p><p>[\/et_pb_text][\/et_pb_column][et_pb_column type=\"1_3\"][et_pb_divider admin_label=\"Divider\" color=\"#ffffff\" show_divider=\"off\" height=\"110\" divider_style=\"solid\" divider_position=\"top\" hide_on_mobile=\"on\" disabled=\"off\" disabled_on=\"on|on|\"]<\/p><p>[\/et_pb_divider][et_pb_text admin_label=\"Text\" background_layout=\"light\" text_orientation=\"left\" use_border_color=\"off\" border_color=\"#ffffff\" border_style=\"solid\" text_font=\"Open Sans||||\" text_font_size=\"18\" text_text_color=\"#ffffff\" text_line_height=\"1.4em\" custom_css_main_element=\"bottom:0px;\"]<\/p><p>A Stunning Google Font Pairing<br \/> For Your Web-Design Inspiration.<br \/> In The Name of Lorem Ipsum.<\/p><p>[\/et_pb_text][\/et_pb_column][\/et_pb_row][\/et_pb_section][et_pb_section admin_label=\"Section\" fullwidth=\"off\" specialty=\"off\" transparent_background=\"off\" background_color=\"#f2f2f2\" allow_player_pause=\"off\" inner_shadow=\"off\" parallax=\"off\" parallax_method=\"off\" padding_mobile=\"off\" make_fullwidth=\"off\" use_custom_width=\"off\" width_unit=\"on\" make_equal=\"off\" use_custom_gutter=\"off\"][et_pb_row admin_label=\"Row\" make_fullwidth=\"off\" use_custom_width=\"off\" width_unit=\"on\" use_custom_gutter=\"off\" custom_padding=\"81px||87px|\" padding_mobile=\"on\" allow_player_pause=\"off\" parallax=\"off\" parallax_method=\"off\" make_equal=\"off\" parallax_1=\"off\" parallax_method_1=\"off\" column_padding_mobile=\"on\"][et_pb_column type=\"4_4\"][et_pb_text admin_label=\"Text\" background_layout=\"light\" text_orientation=\"center\" text_font=\"Playfair Display|on|||\" text_font_size=\"20\" text_text_color=\"#666666\" use_border_color=\"off\" border_color=\"#ffffff\" border_style=\"solid\" custom_margin=\"||13px|\"]<\/p><p>SCIENTIFIC REALISM<\/p><p>[\/et_pb_text][et_pb_text admin_label=\"Text\" background_layout=\"light\" text_orientation=\"center\" max_width=\"620px\" text_font=\"Playfair Display|on|||\" text_font_size=\"56\" text_text_color=\"#666666\" use_border_color=\"off\" border_color=\"#ffffff\" border_style=\"solid\" text_line_height=\"1.2em\" custom_margin=\"0px|||\" text_font_size_tablet=\"48\" text_font_size_last_edited=\"on|tablet\"]<\/p><p>14 Myths Uncovered About Planets<\/p><p>[\/et_pb_text][et_pb_text admin_label=\"Text\" background_layout=\"light\" text_orientation=\"center\" text_font=\"Open Sans||||\" text_font_size=\"24\" text_text_color=\"#888888\" use_border_color=\"off\" border_color=\"#ffffff\" border_style=\"solid\" max_width=\"780px\" text_line_height=\"1.5em\" custom_margin=\"7px|||\"]<\/p><p>Nullam eros mi, mollis in sollicitudin non, tincidunt sed enim. Sed et felis metus, rhoncus ornare nibh. Ut at magna leo. Suspendisse egestas est ac dolor imperdiet pretium. Lorem ipsum dolor sit amet, consectetur adipiscing elit. Nam porttitor, erat sit amet venenatis.<\/p><p>[\/et_pb_text][et_pb_text admin_label=\"Text\" background_layout=\"light\" text_orientation=\"center\" text_font=\"Open Sans||||on\" text_font_size=\"24\" text_text_color=\"#2d8ac9\" use_border_color=\"off\" border_color=\"#ffffff\" border_style=\"solid\"]<\/p><p><span style=\"text-decoration: underline;\"><span style=\"color: #9e9e9e;\"><a style=\"color: #9e9e9e; text-decoration: underline;\" href=\"#\">Learn More<\/a><\/span><\/span><\/p><p>[\/et_pb_text][\/et_pb_column][\/et_pb_row][\/et_pb_section][et_pb_section admin_label=\"Section\" fullwidth=\"off\" specialty=\"off\" transparent_background=\"off\" allow_player_pause=\"off\" inner_shadow=\"off\" parallax=\"off\" parallax_method=\"off\" padding_mobile=\"off\" make_fullwidth=\"off\" use_custom_width=\"off\" width_unit=\"on\" make_equal=\"off\" use_custom_gutter=\"off\"][et_pb_row admin_label=\"Row\" make_fullwidth=\"off\" use_custom_width=\"off\" width_unit=\"on\" use_custom_gutter=\"off\" custom_padding=\"68px|||\" padding_mobile=\"on\" allow_player_pause=\"off\" parallax=\"off\" parallax_method=\"off\" make_equal=\"off\" parallax_1=\"off\" parallax_method_1=\"off\" column_padding_mobile=\"on\"][et_pb_column type=\"4_4\"][et_pb_text admin_label=\"Text\" background_layout=\"light\" text_orientation=\"center\" text_font=\"Playfair Display|on|||\" text_font_size=\"56\" text_font_size_tablet=\"48\" text_font_size_last_edited=\"on|tablet\" text_text_color=\"#666666\" use_border_color=\"off\" border_color=\"#ffffff\" border_style=\"solid\" text_line_height=\"1.4em\"]<\/p><p class=\"p1\"><span class=\"s1\">Text Styles &amp; Grid<\/span><\/p><p>[\/et_pb_text][\/et_pb_column][\/et_pb_row][et_pb_row admin_label=\"Row\" make_fullwidth=\"off\" use_custom_width=\"off\" width_unit=\"on\" use_custom_gutter=\"off\" custom_padding=\"30px||0px|\" padding_mobile=\"on\" allow_player_pause=\"off\" parallax=\"off\" parallax_method=\"off\" make_equal=\"off\" column_padding_mobile=\"on\" parallax_1=\"off\" parallax_method_1=\"off\" parallax_2=\"off\" parallax_method_2=\"off\" custom_padding_tablet=\"10px||0px|\" custom_padding_last_edited=\"on|desktop\"][et_pb_column type=\"1_2\"][et_pb_text admin_label=\"Text\" background_layout=\"light\" text_orientation=\"left\" text_font=\"Open Sans|on|||\" text_font_size=\"20\" text_text_color=\"#666666\" use_border_color=\"off\" border_color=\"#ffffff\" border_style=\"solid\" custom_margin=\"||20px|\"]<\/p><p class=\"p1\"><span class=\"s1\">LOREM IPSUM<\/span><\/p><p>[\/et_pb_text][et_pb_text admin_label=\"Text\" background_layout=\"light\" text_orientation=\"left\" text_font=\"Open Sans||||\" text_font_size=\"20\" text_text_color=\"#888888\" use_border_color=\"off\" border_color=\"#ffffff\" border_style=\"solid\" custom_margin=\"0px|||\" text_line_height=\"1.4em\"]<\/p><p class=\"p1\">Nullam eros mi, mollis in sollicitudin non, tincidunt sed enim. Sed et felis metus, rhoncus ornare nibh. Ut at magna leo. Suspendisse egestas est ac dolor imperdiet pretium. Lorem ipsum dolor sit amet, consectetur.<\/p><p>[\/et_pb_text][\/et_pb_column][et_pb_column type=\"1_2\"][et_pb_text admin_label=\"Text\" background_layout=\"light\" text_orientation=\"left\" text_font=\"Open Sans|on|||\" text_font_size=\"20\" text_text_color=\"#666666\" use_border_color=\"off\" border_color=\"#ffffff\" border_style=\"solid\" custom_margin=\"||20px|\"]<\/p><p class=\"p1\"><span class=\"s1\">LOREM IPSUM<\/span><\/p><p>[\/et_pb_text][et_pb_text admin_label=\"Text\" background_layout=\"light\" text_orientation=\"left\" text_font=\"Open Sans||||\" text_font_size=\"20\" text_text_color=\"#888888\" use_border_color=\"off\" border_color=\"#ffffff\" border_style=\"solid\" custom_margin=\"0px|||\" text_line_height=\"1.4em\"]<\/p><p class=\"p1\">Nullam eros mi, mollis in sollicitudin non, tincidunt sed enim. Sed et felis metus, rhoncus ornare nibh. Ut at magna leo. Suspendisse egestas est ac dolor imperdiet pretium. Lorem ipsum dolor sit amet, consectetur.<\/p><p>[\/et_pb_text][\/et_pb_column][\/et_pb_row][et_pb_row admin_label=\"Row\" make_fullwidth=\"off\" use_custom_width=\"off\" width_unit=\"on\" use_custom_gutter=\"off\" custom_padding=\"43px||43px|\" padding_mobile=\"off\" allow_player_pause=\"off\" parallax=\"off\" parallax_method=\"off\" make_equal=\"off\" parallax_1=\"off\" parallax_method_1=\"off\" column_padding_mobile=\"on\" disabled=\"off\" disabled_on=\"on|on|\"][et_pb_column type=\"4_4\"][et_pb_divider admin_label=\"Divider\" color=\"#dddddd\" show_divider=\"on\" divider_style=\"solid\" divider_position=\"top\" hide_on_mobile=\"on\" disabled=\"off\" disabled_on=\"on|on|\"]<\/p><p>[\/et_pb_divider][\/et_pb_column][\/et_pb_row][et_pb_row admin_label=\"Row\" make_fullwidth=\"off\" use_custom_width=\"off\" width_unit=\"on\" use_custom_gutter=\"off\" custom_padding=\"0px||0px|\" padding_mobile=\"on\" allow_player_pause=\"off\" parallax=\"off\" parallax_method=\"off\" make_equal=\"off\" column_padding_mobile=\"on\" parallax_1=\"off\" parallax_method_1=\"off\" parallax_2=\"off\" parallax_method_2=\"off\" parallax_3=\"off\" parallax_method_3=\"off\"][et_pb_column type=\"1_3\"][et_pb_text admin_label=\"Text\" background_layout=\"light\" text_orientation=\"left\" text_font=\"Open Sans|on|||\" text_font_size=\"20\" text_text_color=\"#666666\" use_border_color=\"off\" border_color=\"#ffffff\" border_style=\"solid\" custom_margin=\"||20px|\"]<\/p><p class=\"p1\"><span class=\"s1\">LOREM IPSUM<\/span><\/p><p>[\/et_pb_text][et_pb_text admin_label=\"Text\" background_layout=\"light\" text_orientation=\"left\" text_font=\"Open Sans||||\" text_font_size=\"20\" text_text_color=\"#888888\" use_border_color=\"off\" border_color=\"#ffffff\" border_style=\"solid\" custom_margin=\"0px|||\" text_line_height=\"1.4em\"]<\/p><p class=\"p1\">Nullam eros mi, mollis in sollicitudin non, tincidunt sed enim. Sed et felis metus, rhoncus ornare nibh. Ut at magna leo.<\/p><p>[\/et_pb_text][\/et_pb_column][et_pb_column type=\"1_3\"][et_pb_text admin_label=\"Text\" background_layout=\"light\" text_orientation=\"left\" text_font=\"Open Sans|on|||\" text_font_size=\"20\" text_text_color=\"#666666\" use_border_color=\"off\" border_color=\"#ffffff\" border_style=\"solid\" custom_margin=\"||20px|\"]<\/p><p class=\"p1\"><span class=\"s1\">LOREM IPSUM<\/span><\/p><p>[\/et_pb_text][et_pb_text admin_label=\"Text\" background_layout=\"light\" text_orientation=\"left\" text_font=\"Open Sans||||\" text_font_size=\"20\" text_text_color=\"#888888\" use_border_color=\"off\" border_color=\"#ffffff\" border_style=\"solid\" custom_margin=\"0px|||\" text_line_height=\"1.4em\"]<\/p><p class=\"p1\">Nullam eros mi, mollis in sollicitudin non, tincidunt sed enim. Sed et felis metus, rhoncus ornare nibh. Ut at magna leo.<\/p><p>[\/et_pb_text][\/et_pb_column][et_pb_column type=\"1_3\"][et_pb_text admin_label=\"Text\" background_layout=\"light\" text_orientation=\"left\" text_font=\"Open Sans|on|||\" text_font_size=\"20\" text_text_color=\"#666666\" use_border_color=\"off\" border_color=\"#ffffff\" border_style=\"solid\" custom_margin=\"||20px|\"]<\/p><p class=\"p1\"><span class=\"s1\">LOREM IPSUM<\/span><\/p><p>[\/et_pb_text][et_pb_text admin_label=\"Text\" background_layout=\"light\" text_orientation=\"left\" text_font=\"Open Sans||||\" text_font_size=\"20\" text_text_color=\"#888888\" use_border_color=\"off\" border_color=\"#ffffff\" border_style=\"solid\" custom_margin=\"0px|||\" text_line_height=\"1.4em\"]<\/p><p class=\"p1\">Nullam eros mi, mollis in sollicitudin non, tincidunt sed enim. Sed et felis metus, rhoncus ornare nibh. Ut at magna leo. Suspendisse egestas est.<\/p><p>[\/et_pb_text][\/et_pb_column][\/et_pb_row][et_pb_row admin_label=\"Row\" make_fullwidth=\"off\" use_custom_width=\"off\" width_unit=\"on\" use_custom_gutter=\"off\" custom_padding=\"43px||43px|\" padding_mobile=\"off\" allow_player_pause=\"off\" parallax=\"off\" parallax_method=\"off\" make_equal=\"off\" parallax_1=\"off\" parallax_method_1=\"off\" column_padding_mobile=\"on\" disabled=\"off\" disabled_on=\"on|on|\"][et_pb_column type=\"4_4\"][et_pb_divider admin_label=\"Divider\" color=\"#dddddd\" show_divider=\"on\" divider_style=\"solid\" divider_position=\"top\" hide_on_mobile=\"on\" disabled=\"off\" disabled_on=\"on|on|\"]<\/p><p>[\/et_pb_divider][\/et_pb_column][\/et_pb_row][et_pb_row admin_label=\"Row\" make_fullwidth=\"off\" use_custom_width=\"off\" width_unit=\"on\" use_custom_gutter=\"off\" custom_padding=\"0px||78px|\" padding_mobile=\"on\" allow_player_pause=\"off\" parallax=\"off\" parallax_method=\"off\" make_equal=\"off\" column_padding_mobile=\"on\" parallax_1=\"off\" parallax_method_1=\"off\" parallax_2=\"off\" parallax_method_2=\"off\" parallax_3=\"off\" parallax_method_3=\"off\" parallax_4=\"off\" parallax_method_4=\"off\"][et_pb_column type=\"1_4\"][et_pb_text admin_label=\"Text\" background_layout=\"light\" text_orientation=\"left\" text_font=\"Open Sans|on|||\" text_font_size=\"20\" text_text_color=\"#666666\" use_border_color=\"off\" border_color=\"#ffffff\" border_style=\"solid\" custom_margin=\"||20px|\"]<\/p><p class=\"p1\"><span class=\"s1\">LOREM IPSUM<\/span><\/p><p>[\/et_pb_text][et_pb_text admin_label=\"Text\" background_layout=\"light\" text_orientation=\"left\" text_font=\"Open Sans||||\" text_font_size=\"20\" text_text_color=\"#888888\" use_border_color=\"off\" border_color=\"#ffffff\" border_style=\"solid\" custom_margin=\"0px|||\" text_line_height=\"1.4em\"]<\/p><p class=\"p1\">Nullam eros mi, mollis in sollicitudin non, tincidunt sed enim. Sed et felis metus.<\/p><p>[\/et_pb_text][\/et_pb_column][et_pb_column type=\"1_4\"][et_pb_text admin_label=\"Text\" background_layout=\"light\" text_orientation=\"left\" text_font=\"Open Sans|on|||\" text_font_size=\"20\" text_text_color=\"#666666\" use_border_color=\"off\" border_color=\"#ffffff\" border_style=\"solid\" custom_margin=\"||20px|\"]<\/p><p class=\"p1\"><span class=\"s1\">LOREM IPSUM<\/span><\/p><p>[\/et_pb_text][et_pb_text admin_label=\"Text\" background_layout=\"light\" text_orientation=\"left\" text_font=\"Open Sans||||\" text_font_size=\"20\" text_text_color=\"#888888\" use_border_color=\"off\" border_color=\"#ffffff\" border_style=\"solid\" custom_margin=\"0px|||\" text_line_height=\"1.4em\"]<\/p><p class=\"p1\">Nullam eros mi, mollis in sollicitudin non, tincidunt sed enim. Sed et felis metus.<\/p><p>[\/et_pb_text][\/et_pb_column][et_pb_column type=\"1_4\"][et_pb_text admin_label=\"Text\" background_layout=\"light\" text_orientation=\"left\" text_font=\"Open Sans|on|||\" text_font_size=\"20\" text_text_color=\"#666666\" use_border_color=\"off\" border_color=\"#ffffff\" border_style=\"solid\" custom_margin=\"||20px|\"]<\/p><p class=\"p1\"><span class=\"s1\">LOREM IPSUM<\/span><\/p><p>[\/et_pb_text][et_pb_text admin_label=\"Text\" background_layout=\"light\" text_orientation=\"left\" text_font=\"Open Sans||||\" text_font_size=\"20\" text_text_color=\"#888888\" use_border_color=\"off\" border_color=\"#ffffff\" border_style=\"solid\" custom_margin=\"0px|||\" text_line_height=\"1.4em\"]<\/p><p class=\"p1\">Nullam eros mi, mollis in sollicitudin non, tincidunt sed enim. Sed et felis metus.<\/p><p>[\/et_pb_text][\/et_pb_column][et_pb_column type=\"1_4\"][et_pb_text admin_label=\"Text\" background_layout=\"light\" text_orientation=\"left\" text_font=\"Open Sans|on|||\" text_font_size=\"20\" text_text_color=\"#666666\" use_border_color=\"off\" border_color=\"#ffffff\" border_style=\"solid\" custom_margin=\"||20px|\"]<\/p><p class=\"p1\"><span class=\"s1\">LOREM IPSUM<\/span><\/p><p>[\/et_pb_text][et_pb_text admin_label=\"Text\" background_layout=\"light\" text_orientation=\"left\" text_font=\"Open Sans||||\" text_font_size=\"20\" text_text_color=\"#888888\" use_border_color=\"off\" border_color=\"#ffffff\" border_style=\"solid\" custom_margin=\"0px|||\" text_line_height=\"1.4em\"]<\/p><p class=\"p1\">Nullam eros mi, mollis in sollicitudin non, tincidunt sed enim. Sed et felis metus.<\/p><p>[\/et_pb_text][\/et_pb_column][\/et_pb_row][\/et_pb_section][et_pb_section admin_label=\"Section\" fullwidth=\"off\" specialty=\"on\" transparent_background=\"off\" background_color=\"#fafafa\" allow_player_pause=\"off\" inner_shadow=\"off\" parallax=\"off\" parallax_method=\"off\" padding_mobile=\"on\" make_fullwidth=\"off\" use_custom_width=\"off\" width_unit=\"on\" make_equal=\"off\" use_custom_gutter=\"off\" parallax_1=\"off\" parallax_method_1=\"off\" parallax_2=\"off\" parallax_method_2=\"off\" custom_padding=\"104px||0px|\"][et_pb_column type=\"1_2\"][et_pb_text admin_label=\"Text\" background_layout=\"light\" text_orientation=\"left\" text_font=\"Source Sans Pro||||\" text_font_size=\"16\" text_text_color=\"#888888\" use_border_color=\"off\" border_color=\"#ffffff\" border_style=\"solid\" custom_margin=\"||0px|\"]<\/p><p class=\"p1\"><span class=\"s1\">HEADING STYLES<\/span><\/p><p>[\/et_pb_text][et_pb_divider admin_label=\"Divider\" color=\"#ccc\" show_divider=\"on\" divider_style=\"solid\" divider_position=\"top\" hide_on_mobile=\"off\"]<\/p><p>[\/et_pb_divider][et_pb_text admin_label=\"Text\" background_layout=\"light\" text_orientation=\"left\" text_font=\"Playfair Display|on|||\" text_font_size=\"64\" text_text_color=\"#666666\" use_border_color=\"off\" border_color=\"#ffffff\" border_style=\"solid\" custom_margin=\"0px||0px|\" text_line_height=\"1.2em\"]<\/p><p class=\"p1\"><span class=\"s1\">Heading One<\/span><\/p><p>[\/et_pb_text][et_pb_text admin_label=\"Text\" background_layout=\"light\" text_orientation=\"left\" text_font=\"Playfair Display|on|||\" text_font_size=\"48\" text_text_color=\"#666666\" use_border_color=\"off\" border_color=\"#ffffff\" border_style=\"solid\" custom_margin=\"14px||0px|\" text_line_height=\"1.4em\"]<\/p><p class=\"p1\"><span class=\"s1\">Heading Two<\/span><\/p><p>[\/et_pb_text][et_pb_text admin_label=\"Text\" background_layout=\"light\" text_orientation=\"left\" text_font=\"Playfair Display|on|||\" text_font_size=\"36\" text_text_color=\"#666666\" use_border_color=\"off\" border_color=\"#ffffff\" border_style=\"solid\" custom_margin=\"14px||0px|\" text_line_height=\"1.4em\"]<\/p><p class=\"p1\"><span class=\"s1\">Heading Three<\/span><\/p><p>[\/et_pb_text][et_pb_text admin_label=\"Text\" background_layout=\"light\" text_orientation=\"left\" text_font=\"Playfair Display|on|||\" text_font_size=\"24\" text_text_color=\"#666666\" use_border_color=\"off\" border_color=\"#ffffff\" border_style=\"solid\" custom_margin=\"14px||0px|\" text_line_height=\"1.4em\"]<\/p><p class=\"p1\"><span class=\"s1\">Heading Four<\/span><\/p><p>[\/et_pb_text][et_pb_text admin_label=\"Text\" background_layout=\"light\" text_orientation=\"left\" text_font=\"Playfair Display|on|||\" text_font_size=\"20\" text_text_color=\"#666666\" use_border_color=\"off\" border_color=\"#ffffff\" border_style=\"solid\" custom_margin=\"14px||0px|\" text_line_height=\"1.4em\"]<\/p><p class=\"p1\"><span class=\"s1\">Heading Five<\/span><\/p><p>[\/et_pb_text][et_pb_text admin_label=\"Text\" background_layout=\"light\" text_orientation=\"left\" text_font=\"Playfair Display|on|||\" text_font_size=\"18\" text_text_color=\"#666666\" use_border_color=\"off\" border_color=\"#ffffff\" border_style=\"solid\" custom_margin=\"14px||0px|\" text_line_height=\"1.4em\"]<\/p><p class=\"p1\"><span class=\"s1\">Heading Six<\/span><\/p><p>[\/et_pb_text][\/et_pb_column][et_pb_column type=\"1_2\" specialty_columns=\"2\"][et_pb_row_inner admin_label=\"Row\" custom_padding=\"||0px|\" padding_mobile=\"on\" use_custom_gutter=\"off\" column_padding_mobile=\"on\" make_equal=\"off\" parallax_1=\"off\" parallax_method_1=\"off\"][et_pb_column_inner type=\"4_4\" saved_specialty_column_type=\"1_2\"][et_pb_text admin_label=\"Text\" background_layout=\"light\" text_orientation=\"left\" text_font=\"Source Sans Pro||||\" text_font_size=\"16\" text_text_color=\"#888888\" use_border_color=\"off\" border_color=\"#ffffff\" border_style=\"solid\" custom_margin=\"||0px|\"]<\/p><p class=\"p1\"><span class=\"s1\">BUTTONS<\/span><\/p><p>[\/et_pb_text][et_pb_divider admin_label=\"Divider\" color=\"#ccc\" show_divider=\"on\" divider_style=\"solid\" divider_position=\"top\" hide_on_mobile=\"off\"]<\/p><p>[\/et_pb_divider][\/et_pb_column_inner][\/et_pb_row_inner][et_pb_row_inner admin_label=\"Row\" custom_padding=\"44px||0px|\" padding_mobile=\"on\" use_custom_gutter=\"on\" column_padding_mobile=\"on\" make_equal=\"off\" parallax_1=\"off\" parallax_method_1=\"off\" parallax_2=\"off\" parallax_method_2=\"off\" gutter_width=\"1\"][et_pb_column_inner type=\"1_2\" saved_specialty_column_type=\"1_2\"][et_pb_button admin_label=\"Button\" button_url=\"#\" url_new_window=\"off\" button_text=\"LEARN MORE\" button_alignment=\"center\" background_layout=\"light\" custom_button=\"on\" button_text_size=\"14\" button_text_color=\"#ffffff\" button_bg_color=\"#9e9e9e\" button_border_width=\"12\" button_border_color=\"#9e9e9e\" button_border_radius=\"0\" button_letter_spacing=\"1\" button_font=\"Open Sans|on|||\" button_use_icon=\"default\" button_icon_color=\"#ffffff\" button_icon_placement=\"right\" button_on_hover=\"on\" button_text_color_hover=\"#ffffff\" button_bg_color_hover=\"#9e9e9e\" button_border_color_hover=\"#9e9e9e\" button_border_radius_hover=\"0\" button_letter_spacing_hover=\"1\" custom_css_main_element=\"width:200px;\"]<\/p><p>[\/et_pb_button][\/et_pb_column_inner][et_pb_column_inner type=\"1_2\" saved_specialty_column_type=\"1_2\"][et_pb_button admin_label=\"Button\" button_url=\"#\" url_new_window=\"off\" button_text=\"LEARN MORE\" button_alignment=\"center\" background_layout=\"light\" custom_button=\"on\" button_text_size=\"14\" button_text_color=\"#ffffff\" button_bg_color=\"#666666\" button_border_width=\"12\" button_border_color=\"#666666\" button_border_radius=\"0\" button_letter_spacing=\"1\" button_font=\"Open Sans|on|||\" button_use_icon=\"default\" button_icon_color=\"#ffffff\" button_icon_placement=\"right\" button_on_hover=\"on\" button_text_color_hover=\"#ffffff\" button_bg_color_hover=\"#666666\" button_border_color_hover=\"#666666\" button_border_radius_hover=\"0\" button_letter_spacing_hover=\"1\" custom_css_main_element=\"width:200px;\"]<\/p><p>[\/et_pb_button][\/et_pb_column_inner][\/et_pb_row_inner][et_pb_row_inner admin_label=\"Row\" custom_padding=\"40px||0px|\" padding_mobile=\"on\" use_custom_gutter=\"on\" column_padding_mobile=\"on\" make_equal=\"off\" parallax_1=\"off\" parallax_method_1=\"off\" parallax_2=\"off\" parallax_method_2=\"off\" gutter_width=\"1\"][et_pb_column_inner type=\"1_2\" saved_specialty_column_type=\"1_2\"][et_pb_button admin_label=\"Button\" button_url=\"#\" url_new_window=\"off\" button_text=\"LEARN MORE\" button_alignment=\"center\" background_layout=\"light\" custom_button=\"on\" button_text_size=\"14\" button_text_color=\"#ffffff\" button_bg_color=\"#9e9e9e\" button_border_width=\"12\" button_border_color=\"#9e9e9e\" button_letter_spacing=\"1\" button_font=\"Open Sans|on|||\" button_use_icon=\"default\" button_icon_color=\"#ffffff\" button_icon_placement=\"right\" button_on_hover=\"on\" button_text_color_hover=\"#ffffff\" button_bg_color_hover=\"#9e9e9e\" button_border_color_hover=\"#9e9e9e\" button_letter_spacing_hover=\"1\" button_border_radius=\"6\" button_border_radius_hover=\"6\" custom_css_main_element=\"width:200px;\"]<\/p><p>[\/et_pb_button][\/et_pb_column_inner][et_pb_column_inner type=\"1_2\" saved_specialty_column_type=\"1_2\"][et_pb_button admin_label=\"Button\" button_url=\"#\" url_new_window=\"off\" button_text=\"LEARN MORE\" button_alignment=\"center\" background_layout=\"light\" custom_button=\"on\" button_text_size=\"14\" button_text_color=\"#ffffff\" button_bg_color=\"#666666\" button_border_width=\"12\" button_border_color=\"#666666\" button_letter_spacing=\"1\" button_font=\"Open Sans|on|||\" button_use_icon=\"default\" button_icon_color=\"#ffffff\" button_icon_placement=\"right\" button_on_hover=\"on\" button_text_color_hover=\"#ffffff\" button_bg_color_hover=\"#666666\" button_border_color_hover=\"#666666\" button_letter_spacing_hover=\"1\" button_border_radius=\"6\" button_border_radius_hover=\"6\" custom_css_main_element=\"width:200px;\"]<\/p><p>[\/et_pb_button][\/et_pb_column_inner][\/et_pb_row_inner][et_pb_row_inner admin_label=\"Row\" custom_padding=\"40px|||\" padding_mobile=\"on\" use_custom_gutter=\"on\" column_padding_mobile=\"on\" make_equal=\"off\" parallax_1=\"off\" parallax_method_1=\"off\" parallax_2=\"off\" parallax_method_2=\"off\" gutter_width=\"1\"][et_pb_column_inner type=\"1_2\" saved_specialty_column_type=\"1_2\"][et_pb_button admin_label=\"Button\" button_url=\"#\" url_new_window=\"off\" button_text=\"LEARN MORE\" button_alignment=\"center\" background_layout=\"light\" custom_button=\"on\" button_text_size=\"14\" button_text_color=\"#ffffff\" button_bg_color=\"#9e9e9e\" button_border_width=\"12\" button_border_color=\"#9e9e9e\" button_border_radius=\"100\" button_letter_spacing=\"1\" button_font=\"Source Sans Pro|on|||\" button_use_icon=\"default\" button_icon_color=\"#ffffff\" button_icon_placement=\"right\" button_on_hover=\"on\" button_text_color_hover=\"#ffffff\" button_bg_color_hover=\"#9e9e9e\" button_border_color_hover=\"#9e9e9e\" button_border_radius_hover=\"100\" button_letter_spacing_hover=\"1\" custom_css_main_element=\"width:200px;\"]<\/p><p>[\/et_pb_button][\/et_pb_column_inner][et_pb_column_inner type=\"1_2\" saved_specialty_column_type=\"1_2\"][et_pb_button admin_label=\"Button\" button_url=\"#\" url_new_window=\"off\" button_text=\"LEARN MORE\" button_alignment=\"center\" background_layout=\"light\" custom_button=\"on\" button_text_size=\"14\" button_text_color=\"#ffffff\" button_bg_color=\"#666666\" button_border_width=\"12\" button_border_color=\"#666666\" button_border_radius=\"100\" button_letter_spacing=\"1\" button_font=\"Open Sans|on|||\" button_use_icon=\"default\" button_icon_color=\"#ffffff\" button_icon_placement=\"right\" button_on_hover=\"on\" button_text_color_hover=\"#ffffff\" button_bg_color_hover=\"#666666\" button_border_color_hover=\"#666666\" button_border_radius_hover=\"100\" button_letter_spacing_hover=\"1\" custom_css_main_element=\"width:200px;\"]<\/p><p>[\/et_pb_button][\/et_pb_column_inner][\/et_pb_row_inner][\/et_pb_column][\/et_pb_section][et_pb_section admin_label=\"Section\" fullwidth=\"off\" specialty=\"off\" transparent_background=\"off\" background_color=\"#fafafa\" allow_player_pause=\"off\" inner_shadow=\"off\" parallax=\"off\" parallax_method=\"off\" padding_mobile=\"off\" make_fullwidth=\"off\" use_custom_width=\"off\" width_unit=\"on\" make_equal=\"off\" use_custom_gutter=\"off\"][et_pb_row admin_label=\"Row\" make_fullwidth=\"off\" use_custom_width=\"off\" width_unit=\"on\" use_custom_gutter=\"off\" custom_padding=\"43px||30px|\" padding_mobile=\"on\" allow_player_pause=\"off\" parallax=\"off\" parallax_method=\"off\" make_equal=\"off\" parallax_1=\"off\" parallax_method_1=\"off\" column_padding_mobile=\"on\" custom_padding_last_edited=\"on|desktop\"][et_pb_column type=\"4_4\"][et_pb_text admin_label=\"Text\" background_layout=\"light\" text_orientation=\"left\" text_font=\"Source Sans Pro||||\" text_font_size=\"16\" text_text_color=\"#888888\" use_border_color=\"off\" border_color=\"#ffffff\" border_style=\"solid\" custom_margin=\"||0px|\"]<\/p><p class=\"p1\"><span class=\"s1\">BLOCKQUOTE<\/span><\/p><p>[\/et_pb_text][et_pb_divider admin_label=\"Divider\" color=\"#ccc\" show_divider=\"on\" divider_style=\"solid\" divider_position=\"top\" hide_on_mobile=\"off\"]<\/p><p>[\/et_pb_divider][\/et_pb_column][\/et_pb_row][et_pb_row admin_label=\"Row\" make_fullwidth=\"off\" use_custom_width=\"off\" width_unit=\"on\" use_custom_gutter=\"on\" gutter_width=\"1\" padding_mobile=\"on\" allow_player_pause=\"off\" parallax=\"off\" parallax_method=\"off\" make_equal=\"off\" parallax_1=\"off\" parallax_method_1=\"off\" parallax_2=\"off\" parallax_method_2=\"off\" parallax_3=\"off\" parallax_method_3=\"off\" column_padding_mobile=\"on\" custom_width_px=\"700px\" custom_padding=\"0px||84px|\" custom_padding_last_edited=\"on|desktop\"][et_pb_column type=\"1_4\"][et_pb_text admin_label=\"Text\" background_layout=\"light\" text_orientation=\"left\" text_font=\"Open Sans||||\" text_text_color=\"#666666\" text_line_height=\"1.1em\" use_border_color=\"off\" border_color=\"#ffffff\" border_style=\"solid\" custom_margin=\"30%||30px|\" text_font_size=\"24\" custom_margin_tablet=\"0px||30px|\" custom_margin_last_edited=\"on|phone\"]<\/p><h3 style=\"font-size: 14px;\">SHARED BY<\/h3><p>Lorem Ipsum Dolor<\/p><p>[\/et_pb_text][\/et_pb_column][et_pb_column type=\"3_4\"][et_pb_text admin_label=\"Text\" background_layout=\"light\" text_orientation=\"left\" text_font=\"Playfair Display|on|on||\" text_font_size=\"48\" text_text_color=\"#666666\" text_line_height=\"1.3em\" use_border_color=\"off\" border_color=\"#ffffff\" border_style=\"solid\" max_width=\"628px\"]<\/p><p>\u201cLet's go invent tomorrow rather than worrying about what happened yesterday.\u201d<\/p><p>[\/et_pb_text][\/et_pb_column][\/et_pb_row][\/et_pb_section]<\/p>","post_title":"Font Combination #09","post_excerpt":"","post_status":"publish","comment_status":"closed","ping_status":"closed","post_password":"","post_name":"font-combination-09","to_ping":"","pinged":"","post_modified":"2016-04-12 23:40:14","post_modified_gmt":"2016-04-12 21:40:14","post_content_filtered":"","post_parent":0,"menu_order":0,"post_type":"et_pb_layout","post_mime_type":"","comment_count":"0","filter":"raw","post_meta":{"_et_pb_built_for_post_type":["page"]},"terms":{"7":{"name":"layout","slug":"layout","taxonomy":"layout_type","parent":0,"description":""},"6":{"name":"not_global","slug":"not_global","taxonomy":"scope","parent":0,"description":""},"8":{"name":"regular","slug":"regular","taxonomy":"module_width","parent":0,"description":""}}}},"images":[]}