{"context":"et_builder_layouts","data":{"25020":{"ID":25020,"post_date":"2016-08-12 22:10:56","post_date_gmt":"2016-08-12 22:10:56","post_content":"[et_pb_section admin_label=\"Section\" fullwidth=\"off\" specialty=\"off\" transparent_background=\"off\" background_color=\"#f7f7f7\" allow_player_pause=\"off\" inner_shadow=\"off\" parallax=\"off\" parallax_method=\"off\" custom_padding=\"0px||0px|\" padding_mobile=\"on\" make_fullwidth=\"off\" use_custom_width=\"off\" width_unit=\"on\" make_equal=\"off\" use_custom_gutter=\"off\" custom_css_main_element=\"border-bottom: 3px solid #e8e8e8;\" module_class=\"footer_custom\" template_type=\"section\"][et_pb_row admin_label=\"Row\" make_fullwidth=\"off\" use_custom_width=\"off\" width_unit=\"on\" use_custom_gutter=\"off\" custom_padding=\"0px||0px|\" padding_mobile=\"on\" allow_player_pause=\"off\" parallax=\"off\" parallax_method=\"off\" make_equal=\"off\" parallax_1=\"off\" parallax_method_1=\"off\" column_padding_mobile=\"on\" module_class=\"row_custom_footer\"][et_pb_column type=\"4_4\"][et_pb_text admin_label=\"Copyright\" background_layout=\"dark\" text_orientation=\"center\" text_font=\"Open Sans|on|||\" text_font_size_last_edited=\"off|phone\" text_text_color=\"#828282\" text_letter_spacing=\"1px\" text_line_height=\"1.3em\" use_border_color=\"off\" border_color=\"#ffffff\" border_style=\"solid\" custom_margin=\"2%||2%|\" text_font_size_phone=\"12\" text_font_size=\"13\" custom_padding=\"10px||10px|\"]\n\n<p>\u00a9 2016 CREATIVE CHILD THEMES | All rights reserved<\/p>\n\n[\/et_pb_text][\/et_pb_column][\/et_pb_row][\/et_pb_section]","post_title":"Footer Custom 4 (CCT) ----> BOTTOM","post_excerpt":"","post_status":"publish","comment_status":"closed","ping_status":"closed","post_password":"","post_name":"footer-custom-4-cct-bottom","to_ping":"","pinged":"","post_modified":"2016-08-12 22:10:56","post_modified_gmt":"2016-08-12 22:10:56","post_content_filtered":"","post_parent":0,"menu_order":0,"post_type":"et_pb_layout","post_mime_type":"","comment_count":"0","filter":"raw","post_meta":{"_et_pb_built_for_post_type":["page"]},"terms":{"20":{"name":"Footer","slug":"footer","taxonomy":"layout_category","parent":0,"description":""},"21":{"name":"global","slug":"global","taxonomy":"scope","parent":0,"description":""},"8":{"name":"regular","slug":"regular","taxonomy":"module_width","parent":0,"description":""},"9":{"name":"section","slug":"section","taxonomy":"layout_type","parent":0,"description":""}}},"25019":{"ID":25019,"post_date":"2016-08-12 22:10:39","post_date_gmt":"2016-08-12 22:10:39","post_content":"[et_pb_section admin_label=\"Section\" fullwidth=\"off\" specialty=\"off\" transparent_background=\"off\" background_color=\"#34495e\" allow_player_pause=\"off\" inner_shadow=\"off\" parallax=\"off\" parallax_method=\"off\" custom_padding=\"20px||10px|\" padding_mobile=\"on\" make_fullwidth=\"off\" use_custom_width=\"off\" width_unit=\"on\" make_equal=\"off\" use_custom_gutter=\"off\" module_class=\"footer_custom\" template_type=\"section\"][et_pb_row admin_label=\"Row\" make_fullwidth=\"off\" use_custom_width=\"off\" width_unit=\"on\" use_custom_gutter=\"off\" padding_mobile=\"on\" allow_player_pause=\"off\" parallax=\"off\" parallax_method=\"off\" make_equal=\"off\" parallax_1=\"off\" parallax_method_1=\"off\" parallax_2=\"off\" parallax_method_2=\"off\" parallax_3=\"off\" parallax_method_3=\"off\" column_padding_mobile=\"on\" custom_padding=\"17px||10px|\" parallax_4=\"off\" parallax_method_4=\"off\" module_class=\"row_custom_footer\"][et_pb_column type=\"1_4\"][et_pb_blurb admin_label=\"MAIL\" title=\"MAIL\" url_new_window=\"off\" use_icon=\"on\" font_icon=\"%%153%%\" icon_color=\"#ffffff\" use_circle=\"off\" circle_color=\"#7EBEC5\" use_circle_border=\"off\" circle_border_color=\"#7EBEC5\" icon_placement=\"top\" animation=\"bottom\" background_layout=\"dark\" text_orientation=\"center\" use_icon_font_size=\"on\" icon_font_size=\"32px\" icon_font_size_last_edited=\"off|phone\" header_font=\"Montserrat|on||on|\" header_text_color=\"#ffffff\" header_line_height=\"1.1em\" body_font=\"Lato||||\" body_font_size=\"16\" body_text_color=\"#fcfcfc\" body_letter_spacing=\"1px\" body_line_height=\"1.4em\" use_border_color=\"off\" border_color=\"#ffffff\" border_style=\"solid\" disabled=\"off\" disabled_on=\"off|off|\" custom_css_blurb_image=\"margin-bottom: 10px !important;\" icon_font_size_phone=\"24px\" header_font_size_phone=\"15\" header_font_size_last_edited=\"off|phone\" body_font_size_phone=\"14\" body_font_size_last_edited=\"off|phone\"]\r\n\r\n<p>info@yourmail.com<\/p>\r\n\r\n[\/et_pb_blurb][\/et_pb_column][et_pb_column type=\"1_4\"][et_pb_blurb admin_label=\"CALL\" title=\"CALL\" url_new_window=\"off\" use_icon=\"on\" font_icon=\"%%264%%\" icon_color=\"#ffffff\" use_circle=\"off\" circle_color=\"#7EBEC5\" use_circle_border=\"off\" circle_border_color=\"#7EBEC5\" icon_placement=\"top\" animation=\"bottom\" background_layout=\"dark\" text_orientation=\"center\" use_icon_font_size=\"on\" icon_font_size=\"32px\" icon_font_size_last_edited=\"off|phone\" header_font=\"Montserrat|on||on|\" header_text_color=\"#ffffff\" header_line_height=\"1.1em\" body_font=\"Lato||||\" body_font_size=\"16\" body_text_color=\"#fcfcfc\" body_letter_spacing=\"1px\" body_line_height=\"1.4em\" use_border_color=\"off\" border_color=\"#ffffff\" border_style=\"solid\" disabled=\"off\" disabled_on=\"off|off|\" custom_css_blurb_image=\"margin-bottom: 10px !important;\" icon_font_size_phone=\"24px\" header_font_size_phone=\"15\" header_font_size_last_edited=\"off|phone\" body_font_size_phone=\"14\" body_font_size_last_edited=\"off|phone\"]\r\n\r\n<p>+45 678 90<\/p>\r\n\r\n[\/et_pb_blurb][\/et_pb_column][et_pb_column type=\"1_4\"][et_pb_blurb admin_label=\"FIND US\" title=\"FIND US\" url_new_window=\"off\" use_icon=\"on\" font_icon=\"%%122%%\" icon_color=\"#ffffff\" use_circle=\"off\" circle_color=\"#7EBEC5\" use_circle_border=\"off\" circle_border_color=\"#7EBEC5\" icon_placement=\"top\" animation=\"bottom\" background_layout=\"dark\" text_orientation=\"center\" use_icon_font_size=\"on\" icon_font_size=\"32px\" icon_font_size_last_edited=\"off|phone\" header_font=\"Montserrat|on||on|\" header_text_color=\"#ffffff\" header_line_height=\"1.1em\" body_font=\"Lato||||\" body_font_size=\"16\" body_text_color=\"#fcfcfc\" body_letter_spacing=\"1px\" body_line_height=\"1.4em\" use_border_color=\"off\" border_color=\"#ffffff\" border_style=\"solid\" disabled=\"off\" disabled_on=\"off|off|\" custom_css_blurb_image=\"margin-bottom: 10px !important;\" icon_font_size_phone=\"24px\" header_font_size_phone=\"15\" header_font_size_last_edited=\"off|phone\" body_font_size_phone=\"14\" body_font_size_last_edited=\"off|phone\"]\r\n\r\n<p>Menlo Park, CA<\/p>\r\n\r\n[\/et_pb_blurb][\/et_pb_column][et_pb_column type=\"1_4\"][et_pb_blurb admin_label=\"MAIL\" title=\"OPENING HOURS\" url_new_window=\"off\" use_icon=\"on\" font_icon=\"%%92%%\" icon_color=\"#ffffff\" use_circle=\"off\" circle_color=\"#7EBEC5\" use_circle_border=\"off\" circle_border_color=\"#7EBEC5\" icon_placement=\"top\" animation=\"bottom\" background_layout=\"dark\" text_orientation=\"center\" use_icon_font_size=\"on\" icon_font_size=\"32px\" icon_font_size_last_edited=\"off|phone\" header_font=\"Montserrat|on||on|\" header_text_color=\"#ffffff\" header_line_height=\"1.1em\" body_font=\"Lato||||\" body_font_size=\"16\" body_text_color=\"#fcfcfc\" body_letter_spacing=\"1px\" body_line_height=\"1.4em\" use_border_color=\"off\" border_color=\"#ffffff\" border_style=\"solid\" disabled=\"off\" disabled_on=\"off|off|\" custom_css_blurb_image=\"margin-bottom: 10px !important;\" icon_font_size_phone=\"24px\" header_font_size_phone=\"15\" header_font_size_last_edited=\"off|phone\" body_font_size_phone=\"14\" body_font_size_last_edited=\"off|phone\"]\r\n\r\n<p>9am \u2013 17:30pm<\/p>\r\n\r\n[\/et_pb_blurb][\/et_pb_column][\/et_pb_row][et_pb_row admin_label=\"Row\" make_fullwidth=\"off\" use_custom_width=\"off\" width_unit=\"on\" use_custom_gutter=\"off\" custom_padding=\"25px||17px|\" padding_mobile=\"on\" allow_player_pause=\"off\" parallax=\"off\" parallax_method=\"off\" make_equal=\"off\" parallax_1=\"off\" parallax_method_1=\"off\" column_padding_mobile=\"on\" module_class=\"row_custom_footer\"][et_pb_column type=\"4_4\"][et_pb_text admin_label=\"Text\" background_layout=\"dark\" text_orientation=\"center\" text_font=\"Open Sans||||\" text_font_size_last_edited=\"off|phone\" text_text_color=\"#f9f9f9\" text_letter_spacing=\"1px\" text_line_height=\"1.4em\" use_border_color=\"off\" border_color=\"#ffffff\" border_style=\"solid\" custom_margin=\"||2%|\" text_font_size=\"15\" module_class=\"footer-module\" max_width=\"600px\"]\r\n\r\n<p>Pellentesque in ipsum id orci porta dapibus. Praesent sapien massa convallis in ipsum id orci porta dapibus. Praesent sapien massa convallis.<\/p>\r\n\r\n[\/et_pb_text][et_pb_social_media_follow admin_label=\"Social Media Follow\" link_shape=\"circle\" background_layout=\"light\" url_new_window=\"off\" follow_button=\"off\" module_class=\"social_footer_custom\"]\r\n\r\n[et_pb_social_media_follow_network social_network=\"facebook\" url=\"#\" skype_action=\"call\" bg_color=\"rgba(59,89,152,0)\"]<p>facebook<\/p>[\/et_pb_social_media_follow_network][et_pb_social_media_follow_network social_network=\"twitter\" url=\"#\" skype_action=\"call\" bg_color=\"rgba(0,172,237,0)\"]<p>Twitter<\/p>[\/et_pb_social_media_follow_network][et_pb_social_media_follow_network social_network=\"dribbble\" url=\"#\" skype_action=\"call\" bg_color=\"rgba(234,76,141,0)\"]<p>dribbble<\/p>[\/et_pb_social_media_follow_network][et_pb_social_media_follow_network social_network=\"instagram\" url=\"#\" skype_action=\"call\" bg_color=\"rgba(81,127,164,0)\"]<p>Instagram<\/p>[\/et_pb_social_media_follow_network]\r\n\r\n[\/et_pb_social_media_follow][\/et_pb_column][\/et_pb_row][\/et_pb_section]","post_title":"Footer Custom 4 (CCT) ----> TOP","post_excerpt":"","post_status":"publish","comment_status":"closed","ping_status":"closed","post_password":"","post_name":"footer-custom-4-cct-top","to_ping":"","pinged":"","post_modified":"2016-08-27 06:27:33","post_modified_gmt":"2016-08-27 06:27:33","post_content_filtered":"","post_parent":0,"menu_order":0,"post_type":"et_pb_layout","post_mime_type":"","comment_count":"0","filter":"raw","post_meta":{"_et_pb_built_for_post_type":["page"],"_et_pb_use_builder":["on"],"_et_pb_ab_bounce_rate_limit":["5"],"_et_pb_ab_stats_refresh_interval":["hourly"],"_et_pb_old_content":[""],"_et_pb_enable_shortcode_tracking":[""],"_et_pb_custom_css":[""],"_et_pb_light_text_color":["#FFFFFF"],"_et_pb_dark_text_color":["#666666"],"_et_pb_content_area_background_color":[""],"_et_pb_section_background_color":["#FFFFFF"]},"terms":{"20":{"name":"Footer","slug":"footer","taxonomy":"layout_category","parent":0,"description":""},"21":{"name":"global","slug":"global","taxonomy":"scope","parent":0,"description":""},"8":{"name":"regular","slug":"regular","taxonomy":"module_width","parent":0,"description":""},"9":{"name":"section","slug":"section","taxonomy":"layout_type","parent":0,"description":""}}}},"images":[]}